box_id,box_type,box_name_ja,jfct_code,jfct_group_no,jfct_group_ja,residual_q,n_records,n_source_A,n_source_B,n_source_C,n_layer_A,n_layer_B,n_layer_C,energy_kcal_n,energy_kcal_mean,energy_kcal_sd,protein_g_n,protein_g_mean,protein_g_sd,fat_g_n,fat_g_mean,fat_g_sd,carbohydrate_g_n,carbohydrate_g_mean,carbohydrate_g_sd,salt_equiv_g_n,salt_equiv_g_mean,salt_equiv_g_sd
01004,P,えんばく オートミール,01004,1,穀類,0,13,1,4,8,13,0,0,13,320.27,116.6,13,11.51,4.25,13,6.34,1.92,13,57.6,22.43,13,0.2,0.49
01006,P,おおむぎ 押麦 乾,01006,1,穀類,0,3,2,1,0,3,0,0,3,332.33,4.04,3,6.2,0.17,3,1.53,0.23,3,78.3,0.56,3,0.0,0.01
01007,P,おおむぎ 米粒麦,01007,1,穀類,0,5,4,1,0,2,3,0,5,334.2,3.49,5,7.8,1.23,5,1.7,0.28,5,77.6,1.06,5,0.01,0.01
01015,P,こむぎ ［小麦粉］ 薄力粉 1等,01015,1,穀類,0,14,10,4,0,14,0,0,14,351.93,5.69,14,10.49,2.02,14,1.65,0.28,14,74.44,2.25,14,0.27,0.69
01020,P,こむぎ ［小麦粉］ 強力粉 1等,01020,1,穀類,0,2,1,1,0,2,0,0,2,351.5,7.78,2,12.75,0.35,2,1.2,0.28,2,73.0,1.41,2,0.8,1.13
01024,P,こむぎ ［小麦粉］ プレミックス粉 ホットケーキ用,01024,1,穀類,0,16,12,4,0,16,0,0,15,350.31,30.41,15,6.15,1.84,15,6.47,6.33,15,58.93,24.78,15,1.16,0.59
01025,P,こむぎ ［小麦粉］ プレミックス粉 天ぷら用,01025,1,穀類,0,4,2,1,1,4,0,0,4,354.0,5.23,4,8.72,0.96,4,1.58,0.21,4,75.68,0.93,4,0.62,0.32
01026,P,こむぎ ［パン類］ 角形食パン 食パン,01026,1,穀類,0,86,56,26,4,86,0,0,86,256.51,10.61,86,8.86,0.63,86,3.92,1.07,86,46.92,1.63,86,1.15,0.18
01031,P,こむぎ ［パン類］ フランスパン,01031,1,穀類,0,7,0,5,2,7,0,0,7,274.89,22.88,7,8.3,1.58,7,6.29,3.96,7,47.66,5.9,7,1.09,0.3
01032,P,こむぎ ［パン類］ ライ麦パン,01032,1,穀類,0,1,0,0,1,1,0,0,1,249.0,,1,7.5,,1,7.1,,1,42.7,,1,1.0,
01033,P,こむぎ ［パン類］ ぶどうパン,01033,1,穀類,0,9,4,5,0,9,0,0,9,313.97,38.75,9,8.03,0.96,9,8.46,5.41,9,52.14,2.83,9,0.7,0.11
01034,P,こむぎ ［パン類］ ロールパン,01034,1,穀類,0,25,16,9,0,25,0,0,25,315.9,35.92,25,8.75,0.95,25,9.38,4.26,25,49.49,5.59,25,1.04,0.33
01037,P,こむぎ ［パン類］ ナン,01037,1,穀類,0,3,0,2,1,3,0,0,2,278.26,22.68,2,8.9,0.46,2,5.93,1.32,2,48.45,3.0,2,0.93,0.1
01038,P,こむぎ ［うどん・そうめん類］ うどん 生,01038,1,穀類,0,5,2,0,3,5,0,0,5,171.0,73.2,5,5.08,3.03,5,0.85,0.56,5,35.82,14.67,5,1.71,1.41
01039,P,こむぎ ［うどん・そうめん類］ うどん ゆで,01039,1,穀類,0,53,23,26,4,53,0,0,52,124.48,12.25,52,3.25,0.91,52,0.75,0.89,52,26.45,2.53,52,0.65,0.61
01041,P,こむぎ ［うどん・そうめん類］ 干しうどん 乾,01041,1,穀類,0,9,5,4,0,9,0,0,9,306.56,78.28,9,7.63,2.03,9,1.23,0.41,9,66.83,16.89,9,4.05,1.47
01043,P,こむぎ ［うどん・そうめん類］ そうめん・ひやむぎ 乾,01043,1,穀類,0,10,4,6,0,10,0,0,10,313.2,67.63,10,8.44,1.79,10,1.25,0.36,10,67.65,14.49,10,3.87,1.33
01045,P,こむぎ ［うどん・そうめん類］ 手延そうめん・手延ひやむぎ 乾,01045,1,穀類,0,14,12,2,0,14,0,0,14,242.43,87.0,14,6.76,2.34,14,1.26,0.52,14,51.17,18.79,14,3.28,0.82
01047,P,こむぎ ［中華めん類］ 中華めん 生,01047,1,穀類,0,61,23,37,1,56,5,0,61,249.67,60.53,61,7.14,2.42,61,2.39,4.57,61,47.2,15.23,61,2.27,1.35
01048,P,こむぎ ［中華めん類］ 中華めん ゆで,01048,1,穀類,0,19,14,4,1,19,0,0,19,179.41,55.29,19,5.71,2.71,19,3.81,2.66,19,22.32,11.66,19,2.27,1.32
01049,P,こむぎ ［中華めん類］ 蒸し中華めん 蒸し中華めん,01049,1,穀類,0,26,9,17,0,26,0,0,25,171.62,64.6,25,5.1,1.23,25,2.66,4.03,25,32.36,7.12,25,1.51,1.3
01052,P,こむぎ ［中華めん類］ 沖縄そば 生,01052,1,穀類,0,8,3,5,0,8,0,0,7,209.26,26.76,7,3.09,2.69,7,1.88,1.43,7,18.87,20.37,7,1.79,0.48
01053,P,こむぎ ［中華めん類］ 沖縄そば ゆで,01053,1,穀類,0,7,2,5,0,7,0,0,7,149.92,26.04,7,5.63,1.48,7,2.49,2.44,7,26.75,4.18,7,1.15,0.94
01057,P,こむぎ ［即席めん類］ 即席中華めん 油揚げ 乾 （添付調味料等を含むもの）,01057,1,穀類,0,38,12,24,2,38,0,0,37,416.03,64.84,37,9.6,0.97,37,15.27,7.79,37,61.04,5.73,37,6.27,0.97
01060,P,こむぎ ［即席めん類］ 中華スタイル即席カップめん 油揚げ 焼きそば 乾 （添付調味料等を含むもの）,01060,1,穀類,0,16,3,13,0,16,0,0,16,453.47,19.65,16,7.81,0.87,16,21.1,2.38,16,58.97,2.31,16,3.78,0.33
01062,P,こむぎ ［即席めん類］ 和風スタイル即席カップめん 油揚げ 乾 （添付調味料等を含むもの）,01062,1,穀類,0,28,15,13,0,28,0,0,28,429.41,73.71,28,9.92,1.85,28,17.51,7.48,28,58.54,9.4,28,5.48,0.96
01063,P,こむぎ ［マカロニ・スパゲッティ類］ マカロニ・スパゲッティ 乾,01063,1,穀類,0,59,13,22,24,59,0,0,59,356.24,14.31,59,12.25,1.56,59,1.78,0.99,59,74.01,3.33,59,0.04,0.25
01064,P,こむぎ ［マカロニ・スパゲッティ類］ マカロニ・スパゲッティ ゆで,01064,1,穀類,0,1,0,0,1,1,0,0,1,383.0,,1,14.2,,1,8.6,,1,63.9,,1,2.3,
01066,P,こむぎ ［ふ類］ 焼きふ 釜焼きふ,01066,1,穀類,0,2,2,0,0,2,0,0,2,376.27,7.3,2,26.43,6.26,2,2.65,0.3,2,61.66,5.18,2,0.02,0.02
01069,P,こむぎ ［その他］ ちくわぶ,01069,1,穀類,0,1,1,0,0,1,0,0,1,147.0,,1,5.0,,1,0.5,,1,30.5,,1,0.0,
01074,P,こむぎ ［その他］ ぎょうざの皮 生,01074,1,穀類,0,16,3,13,0,16,0,0,16,275.71,23.64,16,7.21,1.77,16,1.59,2.0,16,58.9,2.8,16,0.84,0.37
01077,P,こむぎ ［その他］ パン粉 生,01077,1,穀類,0,3,1,2,0,3,0,0,3,291.33,57.5,3,9.5,1.95,3,2.43,0.4,3,58.97,11.87,3,0.97,0.21
01079,P,こむぎ ［その他］ パン粉 乾燥,01079,1,穀類,0,12,5,7,0,12,0,0,12,357.67,25.52,12,13.81,2.46,12,3.46,0.67,12,68.9,5.4,12,1.03,0.08
01080,P,こめ ［水稲穀粒］ 玄米,01080,1,穀類,0,4,4,0,0,4,0,0,1,350.0,,1,7.0,,1,3.0,,1,75.0,,1,0.0,
01083,P,こめ ［水稲穀粒］ 精白米 うるち米,01083,1,穀類,0,216,155,61,0,216,0,0,61,355.38,5.97,61,6.1,0.0,61,0.9,0.0,61,77.6,0.0,61,0.0,0.0
01084,P,こめ ［水稲穀粒］ はいが精米,01084,1,穀類,0,9,5,4,0,9,0,0,4,358.0,0.0,4,6.1,0.0,4,0.9,0.0,4,77.6,0.0,4,0.0,0.0
01085,P,こめ ［水稲めし］ 玄米,01085,1,穀類,0,3,2,0,1,3,0,0,2,138.33,0.47,2,3.74,1.61,2,1.56,0.62,2,28.43,2.69,2,0.0,0.0
01088,P,こめ ［水稲めし］ 精白米 うるち米,01088,1,穀類,0,47,17,30,0,47,0,0,47,144.14,6.35,47,2.21,0.22,47,0.28,0.08,47,33.31,1.48,47,0.0,0.0
01093,P,こめ ［水稲全かゆ］ 精白米,01093,1,穀類,0,22,6,16,0,22,0,0,22,41.96,7.99,22,1.07,0.71,22,0.28,0.4,22,8.89,1.79,22,0.2,0.25
01112,P,こめ ［うるち米製品］ 焼きおにぎり,01112,1,穀類,0,6,6,0,0,6,0,0,6,175.56,5.27,6,3.33,0.27,6,0.8,0.1,6,38.84,0.9,6,0.94,0.2
01115,P,こめ ［うるち米製品］ ビーフン,01115,1,穀類,0,5,0,0,5,5,0,0,5,351.6,10.33,5,5.58,0.58,5,0.42,0.4,5,81.48,2.18,5,0.19,0.24
01116,P,こめ ［うるち米製品］ 米こうじ,01116,1,穀類,0,2,0,0,2,2,0,0,2,345.0,5.66,2,6.4,1.98,2,1.55,1.06,2,79.0,0.71,2,0.0,0.0
01117,P,こめ ［もち米製品］ もち,01117,1,穀類,0,27,21,5,1,27,0,0,27,234.21,10.75,27,4.26,0.91,27,0.64,0.25,27,52.85,1.82,27,0.07,0.24
01118,P,こめ ［もち米製品］ 赤飯,01118,1,穀類,0,10,7,2,1,10,0,0,10,168.06,11.34,10,4.08,0.68,10,0.47,0.17,10,36.95,2.47,10,0.48,0.28
01120,P,こめ ［もち米製品］ 白玉粉,01120,1,穀類,0,2,1,1,0,2,0,0,2,364.0,8.49,2,6.6,1.13,2,0.95,0.07,2,81.9,1.98,2,0.01,0.01
01128,P,そば そば ゆで,01128,1,穀類,0,11,0,11,0,11,0,0,11,136.45,16.15,11,5.97,0.8,11,1.11,0.86,11,26.63,3.08,11,0.81,1.06
01129,P,そば 干しそば 乾,01129,1,穀類,0,15,13,2,0,15,0,0,15,348.7,7.42,15,12.48,2.18,15,2.04,0.51,15,70.38,2.51,14,1.94,0.88
01135,P,とうもろこし ジャイアントコーン フライ 味付け,01135,1,穀類,0,4,1,2,1,4,0,0,3,421.22,19.18,3,5.34,1.31,3,10.39,5.59,3,80.44,6.85,2,0.84,0.23
01136,P,とうもろこし ポップコーン,01136,1,穀類,0,8,0,2,6,8,0,0,5,461.81,50.6,5,7.75,2.2,5,22.8,6.6,5,60.61,5.28,5,1.37,1.24
01137,P,とうもろこし コーンフレーク,01137,1,穀類,0,17,7,7,3,16,1,0,10,385.0,10.64,10,6.68,2.13,10,1.68,0.93,10,86.67,4.23,10,1.27,0.42
01146,P,こむぎ ［小麦粉］ プレミックス粉 お好み焼き用,01146,1,穀類,0,6,3,3,0,5,1,0,6,354.66,20.5,6,9.44,2.96,6,1.5,0.69,6,71.7,6.13,6,2.85,0.73
01147,P,こむぎ ［小麦粉］ プレミックス粉 から揚げ用,01147,1,穀類,0,2,1,1,0,2,0,0,2,319.5,9.19,2,8.15,2.47,2,1.2,0.42,2,69.75,0.07,2,11.95,1.77
01148,P,こむぎ ［パン類］ ベーグル,01148,1,穀類,0,2,0,0,2,2,0,0,0,,,0,,,0,,,0,,,0,,
01149,P,こむぎ ［マカロニ・スパゲッティ類］ 生パスタ 生,01149,1,穀類,0,3,0,0,3,3,0,0,3,360.67,16.17,3,12.47,0.5,3,1.93,0.23,3,72.97,1.5,3,0.0,0.01
01150,P,こむぎ ［その他］ 冷めん 生,01150,1,穀類,0,4,0,2,2,4,0,0,4,221.32,24.02,4,5.19,1.84,4,0.88,0.34,4,48.72,3.48,4,2.72,1.32
01151,P,こめ ［水稲穀粒］ 精白米 もち米,01151,1,穀類,0,9,7,2,0,9,0,0,2,288.5,77.07,2,5.3,1.56,2,0.9,0.42,2,65.1,17.11,2,0.0,0.0
01152,P,こめ ［水稲穀粒］ 精白米 インディカ米,01152,1,穀類,0,1,0,0,1,1,0,0,1,351.0,,1,6.3,,1,0.7,,1,79.8,,1,0.0,
01153,P,こめ ［水稲穀粒］ 発芽玄米,01153,1,穀類,0,5,4,1,0,5,0,0,4,355.25,13.3,4,6.61,0.78,4,2.8,0.47,4,76.96,1.87,4,0.01,0.02
01158,P,こめ ［うるち米製品］ 米粉,01158,1,穀類,0,4,1,3,0,4,0,0,4,356.25,4.43,4,6.25,0.4,4,1.08,0.13,4,80.53,1.05,4,0.0,0.0
01160,P,こめ ［うるち米製品］ 米粉めん,01160,1,穀類,0,9,4,5,0,9,0,0,9,278.46,41.43,9,4.21,0.88,9,1.26,0.45,9,62.9,8.78,9,0.2,0.18
01169,P,こめ ［うるち米製品］ ライスペーパー,01169,1,穀類,0,4,0,2,2,4,0,0,4,331.3,8.51,4,0.5,0.58,4,0.0,0.0,4,83.01,3.48,4,1.09,0.11
01170,P,おおむぎ 押麦 めし,01170,1,穀類,0,5,2,3,0,5,0,0,5,140.09,8.25,5,2.5,0.43,5,0.44,0.15,5,32.7,1.48,5,0.0,0.0
01179,P,こむぎ ［その他］ 春巻きの皮 生,01179,1,穀類,0,4,1,3,0,4,0,0,4,310.92,12.75,4,7.03,3.09,4,2.23,0.78,4,66.37,2.17,4,1.56,0.27
01191,P,こむぎ ［即席めん類］ 中華スタイル即席カップめん 油揚げ しょうゆ味 乾 （添付調味料等を含むもの）,01191,1,穀類,0,40,10,25,5,40,0,0,39,445.24,36.75,39,10.42,1.17,39,18.04,5.28,39,61.19,3.87,39,5.44,1.08
01193,P,こむぎ ［即席めん類］ 中華スタイル即席カップめん 油揚げ 塩味 乾 （添付調味料等を含むもの）,01193,1,穀類,0,25,8,15,2,25,0,0,25,431.1,47.29,25,10.64,1.62,25,16.39,4.99,25,61.12,2.57,25,5.77,0.96
01208,P,こむぎ ［パン類］ 全粒粉パン,01208,1,穀類,0,1,0,0,1,1,0,0,0,,,0,,,0,,,0,,,0,,
01209,P,こむぎ ［パン類］ クロワッサン レギュラータイプ,01209,1,穀類,0,14,9,5,0,14,0,0,14,415.78,41.82,14,8.35,1.07,14,22.67,5.12,14,45.88,6.26,14,0.76,0.34
01210,P,こむぎ ［パン類］ くるみパン,01210,1,穀類,0,3,1,2,0,3,0,0,3,354.93,109.52,3,10.05,1.15,3,16.9,15.12,3,43.34,4.37,3,1.1,0.14
01211,P,こめ ［うるち米製品］ 米粉パン 食パン,01211,1,穀類,0,7,1,6,0,7,0,0,7,287.09,47.47,7,4.55,2.2,7,7.53,4.85,7,51.19,2.95,7,0.92,0.32
02003,P,＜いも類＞ こんにゃく 板こんにゃく 精粉こんにゃく,02003,2,いも及びでん粉類,0,61,30,24,7,61,0,0,61,9.69,10.06,61,0.25,0.41,61,0.02,0.09,61,3.42,1.87,61,0.23,0.53
02005,P,＜いも類＞ こんにゃく しらたき,02005,2,いも及びでん粉類,0,41,15,22,4,41,0,0,41,5.98,1.47,41,0.07,0.1,41,0.01,0.06,41,2.81,0.42,41,0.0,0.01
02007,P,＜いも類＞ （さつまいも類） さつまいも 塊根 皮なし 蒸し,02007,2,いも及びでん粉類,0,11,4,5,2,11,0,0,11,169.65,85.99,11,1.59,1.05,11,1.68,4.66,11,37.96,14.36,11,0.17,0.18
02008,P,＜いも類＞ （さつまいも類） さつまいも 塊根 皮なし 焼き,02008,2,いも及びでん粉類,0,4,1,2,1,3,1,0,4,162.0,27.65,4,1.75,0.56,4,0.32,0.22,4,39.83,6.22,4,0.04,0.05
02009,P,＜いも類＞ （さつまいも類） さつまいも 蒸し切干,02009,2,いも及びでん粉類,0,11,5,6,0,11,0,0,10,270.19,40.45,10,3.04,1.02,10,0.34,0.16,10,66.44,9.74,10,0.18,0.15
02011,P,＜いも類＞ （さといも類） さといも 球茎 水煮,02011,2,いも及びでん粉類,0,3,0,3,0,3,0,0,3,50.64,27.5,3,1.51,0.57,3,0.18,0.09,3,11.74,6.09,3,0.26,0.39
02012,P,＜いも類＞ （さといも類） さといも 球茎 冷凍,02012,2,いも及びでん粉類,0,16,6,8,2,16,0,0,15,59.51,9.28,15,1.8,0.33,15,0.16,0.09,15,13.28,2.16,15,0.02,0.03
02017,P,＜いも類＞ じゃがいも 塊茎 皮なし 生,02017,2,いも及びでん粉類,0,3,0,3,0,3,0,0,3,74.22,21.22,3,1.51,0.52,3,0.08,0.07,3,17.71,4.83,3,0.0,0.0
02020,P,＜いも類＞ じゃがいも 塊茎 皮なし フライドポテト （市販冷凍食品を揚げたもの）,02020,2,いも及びでん粉類,0,47,11,14,22,47,0,0,46,159.21,72.48,46,2.46,0.61,46,5.62,6.0,46,25.45,5.18,45,0.29,0.41
02021,P,＜いも類＞ じゃがいも 乾燥マッシュポテト,02021,2,いも及びでん粉類,0,1,0,0,1,1,0,0,1,188.0,,1,2.8,,1,7.5,,1,28.4,,1,1.0,
02023,P,＜いも類＞ （やまのいも類） ながいも ながいも 塊根 生,02023,2,いも及びでん粉類,0,4,2,1,1,4,0,0,4,69.23,3.41,4,2.07,0.57,4,0.08,0.15,4,15.44,0.79,4,0.01,0.02
02034,P,＜でん粉・でん粉製品＞ （でん粉類） じゃがいもでん粉,02034,2,いも及びでん粉類,0,7,4,3,0,7,0,0,7,332.81,3.68,7,0.0,0.0,7,0.0,0.0,7,83.05,0.64,7,0.03,0.05
02035,P,＜でん粉・でん粉製品＞ （でん粉類） とうもろこしでん粉,02035,2,いも及びでん粉類,0,1,0,1,0,1,0,0,1,354.0,,1,0.3,,1,0.7,,1,86.5,,1,0.02,
02037,P,＜でん粉・でん粉製品＞ （でん粉製品） くずきり ゆで,02037,2,いも及びでん粉類,0,4,1,1,2,4,0,0,4,285.25,131.05,4,0.1,0.12,4,0.1,0.12,4,70.65,32.33,4,0.02,0.02
02038,P,＜でん粉・でん粉製品＞ （でん粉製品） タピオカパール 乾,02038,2,いも及びでん粉類,0,1,0,0,1,1,0,0,1,103.0,,1,0.2,,1,0.0,,1,25.5,,1,0.02,
02039,P,＜でん粉・でん粉製品＞ （でん粉製品） はるさめ 緑豆はるさめ 乾,02039,2,いも及びでん粉類,0,10,3,5,2,10,0,0,10,348.55,7.55,10,0.25,0.04,10,0.11,0.17,10,87.67,1.73,10,0.07,0.05
02040,P,＜でん粉・でん粉製品＞ （でん粉製品） はるさめ 普通はるさめ 乾,02040,2,いも及びでん粉類,0,8,1,2,5,8,0,0,8,349.81,15.96,8,0.15,0.17,8,0.14,0.17,8,87.09,3.71,8,0.06,0.05
02045,P,＜いも類＞ （さつまいも類） さつまいも 塊根 皮つき 生,02045,2,いも及びでん粉類,0,4,0,2,2,4,0,0,3,124.67,26.56,3,0.93,0.06,3,0.2,0.0,3,30.13,6.18,3,0.05,0.02
02046,P,＜いも類＞ （さつまいも類） さつまいも 塊根 皮つき 蒸し,02046,2,いも及びでん粉類,0,1,0,0,1,0,1,0,1,140.0,,1,0.9,,1,0.2,,1,33.7,,1,0.1,
02047,P,＜いも類＞ （さつまいも類） さつまいも 塊根 皮つき 天ぷら,02047,2,いも及びでん粉類,0,4,2,0,2,4,0,0,4,185.0,52.48,4,1.33,0.92,4,4.52,5.22,4,34.75,2.59,4,0.08,0.05
02056,P,＜でん粉・でん粉製品＞ （でん粉製品） ごま豆腐,02056,2,いも及びでん粉類,0,4,0,3,1,4,0,0,4,82.08,6.74,4,2.39,0.59,4,5.22,0.87,4,6.98,1.38,4,0.09,0.11
02063,P,＜いも類＞ じゃがいも 塊茎 皮つき 生,02063,2,いも及びでん粉類,0,8,0,7,1,8,0,0,4,90.74,59.79,4,1.56,0.7,4,1.8,3.47,4,18.1,7.54,4,0.24,0.44
02064,P,＜いも類＞ じゃがいも 塊茎 皮つき 電子レンジ調理,02064,2,いも及びでん粉類,0,4,0,3,1,4,0,0,4,64.33,11.12,4,2.35,0.24,4,0.19,0.13,4,15.07,3.99,4,0.68,0.45
02065,P,＜いも類＞ じゃがいも 塊茎 皮つき フライドポテト （生を揚げたもの）,02065,2,いも及びでん粉類,0,2,0,0,2,2,0,0,2,139.0,7.07,2,2.75,0.07,2,4.05,0.49,2,22.8,0.57,2,0.04,0.01
03001,P,（砂糖類） 黒砂糖,03001,3,砂糖及び甘味類,0,7,1,5,1,7,0,0,7,374.29,12.87,7,1.07,0.42,7,0.03,0.05,7,93.07,2.92,7,0.06,0.03
03003,P,（砂糖類） 車糖 上白糖,03003,3,砂糖及び甘味類,0,10,6,4,0,10,0,0,10,397.1,3.75,10,0.1,0.15,10,0.01,0.03,10,98.98,0.98,10,0.01,0.02
03005,P,（砂糖類） ざらめ糖 グラニュー糖,03005,3,砂糖及び甘味類,0,5,1,4,0,5,0,0,5,398.79,2.71,5,0.0,0.0,5,0.0,0.0,5,100.0,0.0,5,0.0,0.0
03009,P,（砂糖類） 加工糖 氷砂糖,03009,3,砂糖及び甘味類,0,1,0,1,0,1,0,0,1,400.0,,1,0.0,,1,0.0,,1,100.0,,1,0.0,
03014,P,（砂糖類） 氷糖みつ,03014,3,砂糖及び甘味類,0,3,0,0,3,3,0,0,3,328.33,2.31,3,0.67,0.23,3,0.07,0.06,3,81.33,0.92,3,0.02,0.02
03022,P,（その他） はちみつ,03022,3,砂糖及び甘味類,0,30,14,10,6,30,0,0,30,324.3,11.66,30,0.1,0.16,30,0.01,0.03,29,81.61,1.96,30,0.0,0.01
03023,P,（その他） メープルシロップ,03023,3,砂糖及び甘味類,0,3,1,2,0,3,0,0,3,264.0,3.46,3,0.13,0.12,3,0.0,0.0,3,66.1,0.52,3,0.0,0.0
03026,P,（でん粉糖類） 異性化液糖 ぶどう糖果糖液糖,03026,3,砂糖及び甘味類,0,4,0,4,0,4,0,0,4,60.75,0.29,4,0.15,0.06,4,0.0,0.0,4,15.25,0.06,4,0.1,0.0
03030,P,（砂糖類） てんさい含蜜糖,03030,3,砂糖及び甘味類,0,2,1,1,0,2,0,0,2,393.0,4.24,2,0.3,0.42,2,0.0,0.0,2,98.0,1.27,2,0.4,0.52
04001,P,あずき 全粒 乾,04001,4,豆類,0,2,2,0,0,2,0,0,2,305.0,7.07,2,20.9,1.41,2,1.55,0.07,2,59.15,0.92,2,0.0,0.0
04002,P,あずき 全粒 ゆで,04002,4,豆類,0,2,2,0,0,2,0,0,2,62.66,0.0,2,3.66,0.0,2,0.26,0.0,2,12.79,0.0,2,0.78,0.0
04003,P,あずき ゆで小豆缶詰,04003,4,豆類,0,7,6,1,0,7,0,0,7,191.86,12.08,7,4.66,0.2,7,0.33,0.16,7,44.13,3.03,7,0.09,0.01
04006,P,あずき あん つぶし練りあん,04006,4,豆類,0,7,2,2,3,7,0,0,7,251.0,14.32,7,5.03,0.77,7,0.29,0.13,7,57.63,3.52,7,0.05,0.04
04007,P,いんげんまめ 全粒 乾,04007,4,豆類,0,1,1,0,0,1,0,0,1,310.0,,1,22.5,,1,2.1,,1,57.9,,1,0.0,
04008,P,いんげんまめ 全粒 ゆで,04008,4,豆類,0,3,0,0,3,0,3,0,3,78.33,22.5,3,4.87,2.43,3,0.47,0.15,3,16.63,4.9,3,0.43,0.23
04020,P,そらまめ フライビーンズ,04020,4,豆類,0,2,0,0,2,2,0,0,2,432.5,55.86,2,21.95,3.89,2,19.15,2.33,2,42.95,4.88,2,1.1,0.14
04023,P,だいず ［全粒・全粒製品］ 全粒 黄大豆 国産 乾,04023,4,豆類,0,2,1,0,1,2,0,0,2,404.5,48.79,2,35.3,3.11,2,19.2,3.39,2,33.4,0.14,2,0.0,0.01
04029,P,だいず ［全粒・全粒製品］ きな粉 黄大豆 全粒大豆,04029,4,豆類,0,10,4,6,0,10,0,0,10,452.0,6.36,10,36.75,3.97,10,22.83,2.75,10,32.86,6.93,10,0.0,0.0
04032,P,だいず ［豆腐・油揚げ類］ 木綿豆腐,04032,4,豆類,0,37,22,14,1,37,0,0,37,75.57,8.76,37,6.63,0.97,37,4.53,0.72,35,2.19,0.41,37,0.02,0.03
04033,P,だいず ［豆腐・油揚げ類］ 絹ごし豆腐,04033,4,豆類,0,32,18,14,0,32,0,0,32,62.32,4.37,32,5.27,0.36,32,3.59,0.44,30,2.32,0.79,32,0.02,0.03
04035,P,だいず ［豆腐・油揚げ類］ 充てん豆腐,04035,4,豆類,0,49,28,19,2,49,0,0,49,60.88,5.24,49,5.28,0.62,49,3.39,0.45,49,2.39,0.41,48,0.04,0.04
04037,P,だいず ［豆腐・油揚げ類］ ゆし豆腐,04037,4,豆類,0,5,2,3,0,5,0,0,5,57.87,22.35,5,5.15,1.61,5,3.32,1.53,5,2.08,0.44,5,0.1,0.1
04038,P,だいず ［豆腐・油揚げ類］ 焼き豆腐,04038,4,豆類,0,3,0,3,0,3,0,0,3,87.0,6.24,3,7.97,0.7,3,5.17,0.51,3,2.47,0.25,3,0.1,0.0
04039,P,だいず ［豆腐・油揚げ類］ 生揚げ,04039,4,豆類,0,17,10,7,0,17,0,0,17,141.56,22.85,17,8.53,2.51,17,9.81,2.18,17,4.87,2.37,17,0.07,0.06
04040,P,だいず ［豆腐・油揚げ類］ 油揚げ 生,04040,4,豆類,0,28,12,15,1,27,1,0,28,331.93,60.58,28,19.22,3.45,28,27.53,5.91,28,2.13,1.72,28,0.0,0.01
04041,P,だいず ［豆腐・油揚げ類］ がんもどき,04041,4,豆類,0,11,10,0,1,11,0,0,11,241.57,30.21,11,16.53,4.22,11,16.21,1.79,11,7.27,3.0,11,0.82,0.1
04042,P,だいず ［豆腐・油揚げ類］ 凍り豆腐 乾,04042,4,豆類,0,8,8,0,0,8,0,0,8,477.7,41.26,8,40.15,7.61,8,24.15,7.83,8,24.52,14.22,8,4.32,2.39
04043,P,だいず ［豆腐・油揚げ類］ 豆腐よう,04043,4,豆類,0,1,0,0,1,1,0,0,1,122.0,,1,8.5,,1,4.6,,1,11.4,,1,6.9,
04046,P,だいず ［納豆類］ 糸引き納豆,04046,4,豆類,0,48,30,18,0,48,0,0,48,178.72,17.0,48,14.16,3.17,48,8.1,1.97,48,12.76,3.03,48,0.88,0.47
04047,P,だいず ［納豆類］ 挽きわり納豆,04047,4,豆類,0,6,4,2,0,6,0,0,6,188.95,11.07,6,15.53,0.89,6,8.92,0.84,6,13.0,0.85,6,1.25,0.09
04052,P,だいず ［その他］ 豆乳 豆乳,04052,4,豆類,0,11,5,6,0,11,0,0,4,56.72,10.49,4,5.18,0.91,4,2.86,0.49,4,2.56,0.69,4,0.0,0.0
04053,P,だいず ［その他］ 豆乳 調製豆乳,04053,4,豆類,0,12,4,8,0,12,0,0,4,47.62,7.86,4,3.24,0.26,4,2.4,0.81,4,3.68,1.67,4,0.2,0.03
04054,P,だいず ［その他］ 豆乳 豆乳飲料・麦芽コーヒー,04054,4,豆類,0,20,7,12,1,20,0,0,9,52.53,17.47,9,2.77,1.22,9,2.47,0.88,9,4.8,2.95,9,0.16,0.04
04055,P,だいず ［その他］ 大豆たんぱく 粒状大豆たんぱく,04055,4,豆類,0,4,0,1,3,4,0,0,3,295.0,2.65,3,26.9,1.01,3,17.67,0.4,3,7.1,0.26,3,2.1,0.17
04059,P,だいず ［その他］ 湯葉 生,04059,4,豆類,0,2,0,0,2,2,0,0,2,204.5,13.44,2,20.85,2.76,2,12.25,0.21,2,2.65,0.21,2,0.11,0.13
04063,P,だいず ［その他］ テンペ,04063,4,豆類,0,1,0,0,1,1,0,0,1,179.0,,1,16.0,,1,11.0,,1,7.1,,1,0.05,
04066,P,ひよこまめ 全粒 ゆで,04066,4,豆類,0,6,0,2,4,6,0,0,6,127.36,47.59,6,7.78,3.05,6,2.32,1.21,6,20.95,7.53,6,0.54,0.18
04077,P,だいず ［全粒・全粒製品］ 全粒 黒大豆 国産 乾,04077,4,豆類,0,3,2,0,1,3,0,0,3,408.0,31.43,3,34.03,2.08,3,20.07,2.76,3,31.87,3.79,3,0.0,0.0
04081,P,だいず ［全粒・全粒製品］ 蒸し大豆 黄大豆,04081,4,豆類,0,18,10,6,2,18,0,0,18,166.31,29.6,18,14.24,2.04,18,7.45,2.31,18,13.03,3.4,18,0.26,0.23
04089,P,だいず ［その他］ おから 乾燥,04089,4,豆類,0,2,0,2,0,2,0,0,2,337.0,5.66,2,23.2,2.55,2,14.8,0.0,2,52.35,2.76,2,0.02,0.02
04095,P,だいず ［豆腐・油揚げ類］ 油揚げ 甘煮,04095,4,豆類,0,14,7,7,0,14,0,0,14,238.14,54.78,14,12.01,3.92,14,13.12,3.39,14,18.41,7.14,14,1.37,1.09
04101,P,あずき あん こし練りあん （並あん）,04101,4,豆類,0,6,2,2,2,6,0,0,6,257.17,5.78,6,4.92,0.45,6,0.32,0.1,6,59.28,1.4,6,0.02,0.03
04110,P,だいず ［全粒・全粒製品］ きな粉（砂糖入り） きな粉,04110,4,豆類,0,3,2,1,0,3,0,0,3,440.33,43.1,3,26.01,8.06,3,19.26,10.01,3,46.5,19.18,3,0.17,0.29
05002,P,アーモンド フライ 味付け,05002,5,種実類,0,14,1,11,2,14,0,0,14,591.45,64.42,14,20.3,5.36,14,46.3,11.02,14,27.29,10.82,14,0.68,0.38
05005,P,カシューナッツ フライ 味付け,05005,5,種実類,0,21,2,15,4,21,0,0,21,612.58,9.29,21,18.45,1.06,21,47.88,1.1,21,28.56,1.37,20,0.22,0.25
05009,P,ぎんなん ゆで,05009,5,種実類,0,2,0,1,1,2,0,0,2,147.0,9.9,2,3.15,0.21,2,1.1,0.14,2,31.75,1.06,2,0.5,0.14
05011,P,（くり類） 日本ぐり ゆで,05011,5,種実類,0,2,1,1,0,2,0,0,2,162.36,3.33,2,3.34,0.9,2,0.66,0.52,2,36.5,1.41,2,0.0,0.0
05012,P,（くり類） 日本ぐり 甘露煮,05012,5,種実類,0,2,2,0,0,2,0,0,2,240.0,0.0,2,1.2,0.0,2,0.4,0.0,2,57.9,0.0,2,0.0,0.0
05013,P,（くり類） 中国ぐり 甘ぐり,05013,5,種実類,0,12,2,8,2,12,0,0,9,158.24,14.44,9,3.93,0.07,9,0.98,0.06,9,36.01,1.77,9,0.0,0.0
05014,P,くるみ いり,05014,5,種実類,0,14,3,10,1,14,0,0,14,707.28,37.88,14,13.54,1.62,14,67.08,7.81,14,14.51,8.47,14,0.02,0.06
05018,P,ごま いり,05018,5,種実類,0,38,21,16,1,38,0,0,38,640.37,50.29,38,19.44,2.43,38,56.3,4.67,38,16.61,1.6,38,1.43,6.15
05026,P,ピスタチオ いり 味付け,05026,5,種実類,0,11,2,7,2,11,0,0,11,607.65,31.2,11,20.47,1.94,11,47.73,5.61,11,26.56,6.41,11,0.53,0.57
05027,P,ひまわり フライ 味付け,05027,5,種実類,0,7,0,1,6,7,0,0,7,638.29,30.74,7,27.39,4.08,7,52.77,6.33,7,14.74,3.0,7,1.25,1.04
05031,P,マカダミアナッツ いり 味付け,05031,5,種実類,0,9,0,7,2,9,0,0,9,758.22,21.06,9,8.02,0.65,9,76.18,2.85,9,12.93,2.69,9,0.27,0.43
05035,P,らっかせい 大粒種 いり,05035,5,種実類,0,5,0,4,1,5,0,0,4,551.5,127.81,4,21.2,5.14,4,44.2,10.3,4,19.9,4.02,4,0.35,0.47
05036,P,らっかせい バターピーナッツ,05036,5,種実類,0,14,0,6,8,14,0,0,13,578.48,71.62,13,22.42,4.92,13,44.9,9.66,13,24.72,13.25,13,0.5,0.35
05037,P,らっかせい ピーナッツバター,05037,5,種実類,0,12,3,4,5,12,0,0,12,575.92,135.03,12,13.87,8.67,12,43.57,18.62,12,34.13,13.86,12,0.43,0.33
05040,P,アーモンド いり 無塩,05040,5,種実類,0,19,4,14,1,19,0,0,19,633.71,10.34,19,21.13,1.36,19,55.0,1.14,18,18.28,1.81,19,0.0,0.01
05042,P,ごま ねり,05042,5,種実類,0,6,2,2,2,6,0,0,6,655.56,19.17,6,19.56,0.54,6,59.22,1.65,6,16.78,1.22,6,0.0,0.01
06008,P,アスパラガス 若茎 ゆで,06008,6,野菜類,0,8,2,4,2,8,0,0,7,25.71,3.35,7,2.46,0.1,7,0.23,0.11,7,4.21,0.36,7,0.26,0.44
06011,P,いんげんまめ さやいんげん 若ざや ゆで,06011,6,野菜類,0,11,4,3,4,0,11,0,11,30.45,5.18,11,1.85,0.43,11,0.22,0.09,11,6.27,1.01,11,0.0,0.0
06017,P,えだまめ 冷凍,06017,6,野菜類,0,28,15,10,3,28,0,0,26,147.04,12.57,26,11.62,1.03,26,5.94,1.03,26,12.63,1.2,26,0.53,0.34
06022,P,（えんどう類） スナップえんどう 若ざや 生,06022,6,野菜類,0,1,0,1,0,1,0,0,1,43.0,,1,2.8,,1,0.2,,1,8.8,,1,0.02,
06025,P,（えんどう類） グリンピース 冷凍,06025,6,野菜類,0,8,2,1,5,8,0,0,8,251.5,221.15,8,10.59,6.02,8,10.8,13.89,8,28.72,17.51,8,0.69,0.86
06032,P,オクラ 果実 生,06032,6,野菜類,0,8,0,6,2,8,0,0,5,29.0,2.55,5,1.88,0.26,5,0.16,0.11,5,6.46,0.65,5,0.02,0.02
06050,P,（かぼちゃ類） 西洋かぼちゃ 果実 冷凍,06050,6,野菜類,0,22,14,7,1,22,0,0,19,102.0,19.86,19,1.85,0.51,19,0.54,0.2,19,22.88,4.36,19,0.02,0.09
06054,P,カリフラワー 花序 生,06054,6,野菜類,0,5,0,1,4,5,0,0,5,21.6,4.16,5,1.98,0.69,5,0.18,0.16,5,4.5,0.66,5,0.03,0.01
06056,P,かんぴょう 乾,06056,6,野菜類,0,5,2,3,0,5,0,0,5,257.0,79.81,5,5.39,2.23,5,0.68,0.46,5,63.75,17.99,5,0.63,1.4
06061,P,（キャベツ類） キャベツ 結球葉 生,06061,6,野菜類,0,11,2,9,0,11,0,0,8,30.29,18.92,8,1.34,0.1,8,0.71,1.44,8,5.75,1.25,8,0.14,0.34
06065,P,きゅうり 果実 生,06065,6,野菜類,0,2,0,2,0,2,0,0,1,11.0,,1,0.6,,1,0.1,,1,2.5,,1,0.01,
06067,P,きゅうり 漬物 しょうゆ漬,06067,6,野菜類,0,29,5,13,11,29,0,0,29,42.54,19.45,29,1.71,0.52,29,0.37,0.24,29,8.69,5.16,29,4.72,1.23
06069,P,きゅうり 漬物 ピクルス スイート型,06069,6,野菜類,0,10,3,0,7,10,0,0,10,47.9,17.29,10,0.59,0.89,10,0.06,0.13,10,11.2,4.35,10,1.96,1.05
06072,P,みずな 葉 生,06072,6,野菜類,0,4,0,4,0,4,0,0,0,,,0,,,0,,,0,,,0,,
06080,P,ケール 葉 生,06080,6,野菜類,0,3,0,3,0,3,0,0,0,,,0,,,0,,,0,,,0,,
06085,P,ごぼう 根 ゆで,06085,6,野菜類,0,19,4,14,1,19,0,0,14,40.76,12.25,14,1.34,0.44,14,0.1,0.08,14,10.44,3.14,14,0.04,0.03
06087,P,こまつな 葉 ゆで,06087,6,野菜類,0,11,1,9,1,11,0,0,4,19.25,5.74,4,1.95,0.41,4,0.2,0.08,4,3.18,0.61,4,0.04,0.04
06088,P,ザーサイ 漬物,06088,6,野菜類,0,9,0,1,8,9,0,0,9,59.78,44.1,9,1.73,0.72,9,1.84,2.14,9,9.27,6.06,9,6.01,4.08
06093,P,ししとう 果実 生,06093,6,野菜類,0,1,0,1,0,1,0,0,0,,,0,,,0,,,0,,,0,,
06095,P,しそ 葉 生,06095,6,野菜類,0,2,0,2,0,2,0,0,0,,,0,,,0,,,0,,,0,,
06105,P,（しょうが類） しょうが 漬物 甘酢漬,06105,6,野菜類,0,28,4,10,14,28,0,0,27,26.83,13.72,27,0.65,0.56,27,0.39,0.2,27,5.44,3.03,27,4.44,2.26
06116,P,ズッキーニ 果実 生,06116,6,野菜類,0,2,0,1,1,2,0,0,2,37.0,12.73,2,1.7,0.42,2,0.95,1.34,2,6.55,0.64,2,0.05,0.07
06121,P,ぜんまい 生ぜんまい 若芽 ゆで,06121,6,野菜類,0,1,0,1,0,1,0,0,1,18.67,,1,1.47,,1,0.13,,1,4.53,,1,0.0,
06124,P,そらまめ 未熟豆 生,06124,6,野菜類,0,2,0,1,1,2,0,0,2,106.5,7.78,2,9.55,1.34,2,0.45,0.35,2,16.6,0.42,2,0.2,0.28
06134,P,（だいこん類） だいこん 根 皮なし 生,06134,6,野菜類,0,1,0,0,1,1,0,0,1,18.0,,1,0.5,,1,0.1,,1,4.0,,1,0.03,
06135,P,（だいこん類） だいこん 根 皮なし ゆで,06135,6,野菜類,0,2,0,2,0,2,0,0,2,13.37,6.09,2,0.45,0.21,2,0.0,0.0,2,3.74,1.49,2,0.2,0.25
06136,P,（だいこん類） 切干しだいこん 乾,06136,6,野菜類,0,15,8,4,3,15,0,0,15,294.39,12.98,15,8.35,1.24,15,0.88,0.54,15,71.94,2.33,15,0.5,0.32
06138,P,（だいこん類） 漬物 たくあん漬 塩押しだいこん漬,06138,6,野菜類,0,28,3,10,15,28,0,0,28,52.61,24.87,28,1.05,0.46,28,0.23,0.27,26,11.62,6.19,28,3.75,1.02
06141,P,（だいこん類） 漬物 べったら漬,06141,6,野菜類,0,4,0,1,3,4,0,0,4,54.44,40.3,4,0.9,0.42,4,0.21,0.14,4,12.51,9.7,4,3.86,0.95
06143,P,（だいこん類） 漬物 福神漬,06143,6,野菜類,0,11,6,3,2,9,2,0,11,94.45,38.1,11,1.35,0.39,11,0.14,0.11,11,22.26,9.14,11,3.68,0.85
06148,P,たかな たかな漬,06148,6,野菜類,0,1,1,0,0,1,0,0,1,98.0,,1,4.1,,1,3.7,,1,12.1,,1,5.2,
06151,P,たけのこ 水煮缶詰,06151,6,野菜類,0,21,3,14,4,21,0,0,21,24.94,5.35,21,2.48,0.74,21,0.32,0.11,21,4.19,0.84,21,0.0,0.01
06152,P,たけのこ めんま 塩蔵 塩抜き,06152,6,野菜類,0,16,6,3,7,16,0,0,16,49.73,42.75,16,1.37,0.45,16,1.82,4.49,16,7.11,2.88,16,5.13,11.77
06153,P,（たまねぎ類） たまねぎ りん茎 生,06153,6,野菜類,0,11,1,9,1,11,0,0,4,30.5,5.2,4,0.72,0.13,4,0.08,0.05,4,7.15,0.99,4,0.0,0.0
06160,P,チンゲンサイ 葉 生,06160,6,野菜類,0,1,0,1,0,1,0,0,0,,,0,,,0,,,0,,,0,,
06172,P,とうがらし 果実 乾,06172,6,野菜類,0,1,0,0,1,1,0,0,1,345.0,,1,14.7,,1,12.0,,1,58.4,,1,0.04,
06178,P,（とうもろこし類） スイートコーン 未熟種子 カーネル 冷凍,06178,6,野菜類,0,17,7,3,7,17,0,0,17,100.53,28.85,17,3.14,0.66,17,1.76,0.85,17,18.55,5.41,17,0.04,0.11
06180,P,（とうもろこし類） スイートコーン 缶詰 ホールカーネルスタイル,06180,6,野菜類,0,23,13,4,6,23,0,0,21,81.94,13.91,21,2.56,0.57,21,1.56,0.52,21,14.73,2.43,20,0.3,0.18
06182,P,（トマト類） 赤色トマト 果実 生,06182,6,野菜類,0,9,0,8,1,9,0,0,1,27.0,,1,1.1,,1,0.2,,1,5.2,,1,0.01,
06183,P,（トマト類） 赤色ミニトマト 果実 生,06183,6,野菜類,0,14,0,14,0,14,0,0,0,,,0,,,0,,,0,,,0,,
06184,P,（トマト類） 加工品 ホール 食塩無添加,06184,6,野菜類,0,24,6,6,12,24,0,0,24,24.5,4.93,24,1.21,0.2,24,0.14,0.12,24,4.9,1.14,24,0.17,0.22
06185,P,（トマト類） 加工品 トマトジュース 食塩添加,06185,6,野菜類,0,1,0,0,1,1,0,0,1,24.0,,1,0.8,,1,0.1,,1,5.1,,1,0.5,
06191,P,（なす類） なす 果実 生,06191,6,野菜類,0,2,0,1,1,1,1,0,1,23.0,,1,0.9,,1,0.0,,1,4.8,,1,0.0,
06194,P,（なす類） べいなす 果実 素揚げ,06194,6,野菜類,0,7,3,3,1,7,0,0,7,108.71,23.82,7,1.37,1.0,7,8.06,2.56,7,8.13,5.1,7,0.18,0.35
06195,P,（なす類） 漬物 塩漬,06195,6,野菜類,0,5,2,0,3,5,0,0,5,51.6,25.86,5,2.2,1.23,5,0.5,0.84,5,9.58,3.65,5,3.06,0.68
06202,P,（なばな類） 和種なばな 花らい・茎 ゆで,06202,6,野菜類,0,1,0,0,1,1,0,0,1,28.0,,1,4.7,,1,0.1,,1,4.3,,1,0.02,
06205,P,にがうり 果実 生,06205,6,野菜類,0,1,0,0,1,1,0,0,1,17.0,,1,1.0,,1,0.1,,1,3.9,,1,0.0,
06207,P,（にら類） にら 葉 生,06207,6,野菜類,0,3,0,2,1,3,0,0,2,20.5,0.71,2,1.68,0.02,2,0.32,0.02,2,4.0,0.0,2,0.0,0.0
06212,P,（にんじん類） にんじん 根 皮つき 生,06212,6,野菜類,0,8,0,8,0,8,0,0,1,20.0,,1,0.6,,1,0.2,,1,5.0,,1,0.04,
06216,P,（にんじん類） にんじん 根 冷凍,06216,6,野菜類,0,1,1,0,0,1,0,0,1,20.0,,1,0.0,,1,0.0,,1,5.5,,1,0.03,
06217,P,（にんじん類） にんじん ジュース 缶詰,06217,6,野菜類,0,9,9,0,0,9,0,0,9,39.49,4.0,9,0.47,0.13,9,0.09,0.13,9,9.33,0.83,9,0.04,0.04
06223,P,（にんにく類） にんにく りん茎 生,06223,6,野菜類,0,11,0,7,4,11,0,0,7,190.71,102.36,7,7.67,5.23,7,0.67,0.35,7,41.01,22.56,7,2.5,3.49
06224,P,（にんにく類） 茎にんにく 花茎 生,06224,6,野菜類,0,1,0,0,1,1,0,0,1,44.0,,1,1.7,,1,0.2,,1,10.7,,1,0.02,
06226,P,（ねぎ類） 根深ねぎ 葉 軟白 生,06226,6,野菜類,0,8,1,6,1,8,0,0,5,29.86,11.7,5,1.33,0.41,5,0.21,0.09,5,6.69,3.15,5,0.03,0.04
06231,P,のざわな 漬物 調味漬,06231,6,野菜類,0,12,3,0,9,12,0,0,12,45.92,19.2,12,1.72,0.47,12,1.03,1.19,12,7.55,2.87,12,4.45,1.44
06233,P,はくさい 結球葉 生,06233,6,野菜類,0,1,0,0,1,1,0,0,1,13.0,,1,0.9,,1,0.1,,1,2.9,,1,0.01,
06235,P,はくさい 漬物 塩漬,06235,6,野菜類,0,12,8,4,0,12,0,0,12,28.51,18.44,12,1.3,0.32,12,0.06,0.09,12,5.9,4.83,12,2.12,0.56
06236,P,はくさい 漬物 キムチ,06236,6,野菜類,0,20,11,6,3,20,0,0,20,56.4,9.1,20,2.98,1.07,20,0.46,0.43,20,10.4,2.37,20,2.8,0.51
06243,P,ビーツ 根 生,06243,6,野菜類,0,4,0,2,2,4,0,0,3,37.34,10.7,3,1.23,0.64,3,0.03,0.06,3,8.73,2.63,3,0.24,0.23
06245,P,（ピーマン類） 青ピーマン 果実 生,06245,6,野菜類,0,7,0,6,1,7,0,0,1,22.0,,1,0.9,,1,0.2,,1,5.1,,1,0.0,
06257,P,（ふき類） ふき 葉柄 ゆで,06257,6,野菜類,0,3,0,1,2,3,0,0,3,5.33,1.15,3,0.17,0.06,3,0.0,0.0,3,1.4,0.0,3,0.67,0.58
06261,P,ふだんそう 葉 生,06261,6,野菜類,0,1,0,1,0,1,0,0,0,,,0,,,0,,,0,,,0,,
06264,P,ブロッコリー 花序 ゆで,06264,6,野菜類,0,21,7,12,2,1,20,0,19,30.04,5.71,19,3.02,0.65,19,0.43,0.12,19,4.51,0.8,19,0.03,0.03
06269,P,ほうれんそう 葉 冷凍,06269,6,野菜類,0,22,10,10,2,22,0,0,17,36.73,14.19,17,3.47,0.78,17,0.79,0.84,17,4.57,1.29,17,0.12,0.13
06278,P,（みつば類） 糸みつば 葉 生,06278,6,野菜類,0,1,0,1,0,1,0,0,0,,,0,,,0,,,0,,,0,,
06291,P,（もやし類） りょくとうもやし 生,06291,6,野菜類,0,9,2,7,0,9,0,0,7,16.14,2.73,7,1.8,0.27,7,0.06,0.05,7,2.64,0.4,7,0.01,0.01
06293,P,モロヘイヤ 茎葉 生,06293,6,野菜類,0,2,0,2,0,2,0,0,0,,,0,,,0,,,0,,,0,,
06306,P,（らっきょう類） らっきょう 甘酢漬,06306,6,野菜類,0,19,7,7,5,19,0,0,19,123.09,14.75,19,0.51,0.13,19,0.15,0.17,19,30.81,3.61,19,1.9,0.18
06312,P,（レタス類） レタス 土耕栽培 結球葉 生,06312,6,野菜類,0,1,0,1,0,1,0,0,0,,,0,,,0,,,0,,,0,,
06314,P,（レタス類） リーフレタス 葉 生,06314,6,野菜類,0,3,0,3,0,3,0,0,0,,,0,,,0,,,0,,,0,,
06315,P,（レタス類） サニーレタス 葉 生,06315,6,野菜類,0,4,0,4,0,4,0,0,0,,,0,,,0,,,0,,,0,,
06317,P,れんこん 根茎 生,06317,6,野菜類,0,2,0,2,0,2,0,0,1,60.67,,1,1.53,,1,0.2,,1,14.0,,1,0.13,
06318,P,れんこん 根茎 ゆで,06318,6,野菜類,0,4,0,3,1,4,0,0,4,66.0,0.0,4,0.77,0.35,4,0.18,0.05,4,16.48,0.25,4,0.01,0.02
06319,P,ルッコラ 葉 生,06319,6,野菜類,0,4,0,4,0,4,0,0,0,,,0,,,0,,,0,,,0,,
06325,P,わらび 生わらび ゆで,06325,6,野菜類,0,2,0,2,0,2,0,0,2,26.12,14.93,2,1.62,0.08,2,0.28,0.08,2,6.25,4.13,2,1.14,1.46
06336,P,（たまねぎ類） たまねぎ りん茎 油いため,06336,6,野菜類,0,1,0,0,1,1,0,0,1,111.0,,1,2.4,,1,2.5,,1,19.8,,1,0.03,
06340,P,（トマト類） 加工品 トマトジュース 食塩無添加,06340,6,野菜類,0,20,10,9,1,20,0,0,20,21.67,3.64,20,0.87,0.16,20,0.02,0.05,20,4.69,0.74,10,0.01,0.02
06341,P,（トマト類） 加工品 ミックスジュース 食塩無添加,06341,6,野菜類,0,6,2,4,0,6,0,0,6,21.66,0.56,6,0.76,0.1,6,0.02,0.05,6,4.86,0.15,0,,
06349,P,（にんにく類） にんにく りん茎 油いため,06349,6,野菜類,0,1,0,0,1,1,0,0,1,431.0,,1,14.5,,1,11.7,,1,66.8,,1,1.0,
06354,P,ブロッコリー 芽ばえ 生,06354,6,野菜類,0,3,1,2,0,3,0,0,0,,,0,,,0,,,0,,,0,,
06367,P,（だいこん類） だいこん 根 皮なし 生 おろし,06367,6,野菜類,0,1,0,0,1,1,0,0,1,18.0,,1,0.5,,1,0.1,,1,4.1,,1,0.0,
06370,P,（トマト類） ドライトマト,06370,6,野菜類,0,8,0,8,0,8,0,0,2,332.8,5.99,2,5.18,6.81,2,1.98,1.24,2,78.96,4.6,2,1.07,1.1
06373,P,ほうれんそう 葉 冷凍 油いため,06373,6,野菜類,0,1,1,0,0,1,0,0,1,95.0,,1,3.0,,1,6.0,,1,7.5,,1,1.0,
06382,P,（その他） ミックスベジタブル 冷凍,06382,6,野菜類,0,9,2,5,2,9,0,0,9,61.67,22.95,9,2.61,1.07,9,0.74,0.36,9,12.0,4.02,9,0.07,0.09
06399,P,（その他） 野菜ミックスジュース 通常タイプ,06399,6,野菜類,0,9,4,5,0,9,0,0,5,31.57,9.34,5,1.16,0.32,5,0.08,0.14,5,7.04,1.82,2,0.06,0.05
07006,P,アボカド 生,07006,7,果実類,0,2,1,1,0,2,0,0,2,164.5,24.75,2,1.35,0.07,2,14.8,1.56,2,7.55,1.06,2,0.25,0.07
07011,P,あんず ジャム 低糖度,07011,7,果実類,0,1,0,0,1,1,0,0,1,183.0,,1,0.2,,1,0.1,,1,45.7,,1,0.0,
07012,P,いちご 生,07012,7,果実類,0,3,0,1,2,3,0,0,3,113.33,97.37,3,1.2,0.61,3,4.3,7.19,3,18.2,8.67,3,0.0,0.01
07014,P,いちご ジャム 低糖度,07014,7,果実類,0,26,15,5,6,24,2,0,26,194.12,37.93,26,0.27,0.24,26,0.08,0.17,26,48.17,9.68,26,0.03,0.03
07021,P,うめ 梅漬 調味漬,07021,7,果実類,0,7,0,2,5,6,1,0,7,61.08,20.75,7,1.87,1.0,7,0.21,0.12,7,13.34,4.01,7,9.19,2.61
07023,P,うめ 梅干し 調味漬,07023,7,果実類,0,55,15,33,7,55,0,0,55,78.92,35.72,55,1.07,0.62,55,0.13,0.14,55,19.59,8.96,55,8.05,3.87
07024,P,うめ 梅びしお,07024,7,果実類,0,2,2,0,0,2,0,0,2,130.67,3.77,2,3.42,0.03,2,0.68,0.02,2,27.0,0.0,2,9.85,0.06
07025,P,うめ 果実飲料 20%果汁入り飲料,07025,7,果実類,0,2,0,0,2,2,0,0,2,47.0,12.73,2,0.2,0.14,2,0.15,0.21,2,11.05,2.76,2,0.0,0.0
07029,P,（かんきつ類） うんしゅうみかん 砂じょう 普通 生,07029,7,果実類,0,1,0,0,1,1,0,0,1,45.0,,1,0.5,,1,0.1,,1,11.9,,1,0.0,
07031,P,（かんきつ類） うんしゅうみかん 果実飲料 濃縮還元ジュース,07031,7,果実類,0,6,3,3,0,6,0,0,6,41.23,4.21,6,0.48,0.09,6,0.01,0.03,6,9.84,0.95,6,0.0,0.0
07033,P,（かんきつ類） うんしゅうみかん 果実飲料 50%果汁入り飲料,07033,7,果実類,0,1,1,0,0,1,0,0,1,48.0,,1,0.4,,1,0.0,,1,11.52,,1,0.0,
07034,P,（かんきつ類） うんしゅうみかん 果実飲料 20%果汁入り飲料,07034,7,果実類,0,3,3,0,0,3,0,0,3,58.45,11.09,3,0.14,0.12,3,0.0,0.0,3,14.51,2.92,3,0.04,0.06
07035,P,（かんきつ類） うんしゅうみかん 缶詰 果肉,07035,7,果実類,0,11,8,3,0,11,0,0,11,65.4,3.01,11,0.46,0.09,11,0.02,0.04,11,14.67,3.23,11,0.02,0.02
07038,P,オリーブ 塩漬 ブラックオリーブ,07038,7,果実類,0,7,0,1,6,7,0,0,7,164.89,90.91,7,1.23,0.41,7,16.65,9.11,7,4.39,3.46,7,3.28,0.51
07043,P,（かんきつ類） オレンジ バレンシア 果実飲料 濃縮還元ジュース,07043,7,果実類,0,12,4,8,0,12,0,0,9,45.4,2.09,9,0.61,0.27,9,0.0,0.0,9,10.8,0.33,9,0.0,0.01
07047,P,（かんきつ類） オレンジ バレンシア マーマレード 低糖度,07047,7,果実類,0,11,6,2,3,11,0,0,11,206.28,37.45,11,0.2,0.24,11,0.08,0.17,11,51.28,9.53,11,0.05,0.05
07058,P,グァバ 果実飲料 20%果汁入り飲料 （ネクター）,07058,7,果実類,0,1,0,0,1,1,0,0,1,26.0,,1,0.2,,1,0.1,,1,6.4,,1,0.0,
07064,P,（かんきつ類） グレープフルーツ 果実飲料 濃縮還元ジュース,07064,7,果実類,0,4,1,3,0,4,0,0,3,37.0,0.87,3,0.37,0.06,3,0.0,0.0,3,8.97,0.06,3,0.01,0.0
07077,P,すいか 赤肉種 生,07077,7,果実類,0,1,0,1,0,1,0,0,0,,,0,,,0,,,0,,,0,,
07082,P,（すもも類） プルーン 乾,07082,7,果実類,0,10,4,5,1,10,0,0,10,246.83,9.79,10,2.24,0.25,10,0.17,0.09,10,62.46,2.52,10,0.0,0.0
07095,P,なつめ 乾,07095,7,果実類,0,1,0,0,1,1,0,0,1,313.0,,1,0.9,,1,0.3,,1,76.6,,1,0.04,
07097,P,パインアップル 生,07097,7,果実類,0,7,0,5,2,7,0,0,5,56.0,6.82,5,0.68,0.26,5,0.02,0.04,5,13.92,1.94,5,0.0,0.0
07099,P,パインアップル 果実飲料 濃縮還元ジュース,07099,7,果実類,0,3,1,2,0,3,0,0,2,51.0,0.0,2,0.4,0.0,2,0.0,0.0,2,12.5,0.0,2,0.05,0.0
07102,P,パインアップル 缶詰,07102,7,果実類,0,4,2,0,2,4,0,0,4,68.93,4.61,4,0.27,0.05,4,0.05,0.1,4,16.8,1.27,4,0.04,0.04
07107,P,バナナ 生,07107,7,果実類,0,6,0,5,1,6,0,0,1,233.0,,1,2.1,,1,12.6,,1,27.9,,1,0.0,
07108,P,バナナ 乾,07108,7,果実類,0,8,0,4,4,8,0,0,8,493.32,60.15,8,3.37,2.25,8,23.46,12.81,8,68.44,11.55,8,0.32,0.62
07117,P,ぶどう 干しぶどう,07117,7,果実類,0,11,3,5,3,11,0,0,10,327.31,15.04,8,3.14,0.46,10,0.29,0.15,10,79.18,3.06,8,0.06,0.04
07119,P,ぶどう 果実飲料 濃縮還元ジュース,07119,7,果実類,0,9,5,4,0,9,0,0,8,48.88,2.15,8,0.2,0.0,8,0.0,0.0,8,12.14,0.62,8,0.01,0.01
07120,P,ぶどう 果実飲料 70%果汁入り飲料,07120,7,果実類,0,1,1,0,0,1,0,0,1,70.0,,1,0.0,,1,0.0,,1,17.5,,1,0.0,
07121,P,ぶどう 果実飲料 10%果汁入り飲料,07121,7,果実類,0,13,0,13,0,13,0,0,13,56.0,41.31,13,0.05,0.08,13,0.0,0.0,13,9.36,10.76,9,0.04,0.06
07123,P,ぶどう ジャム,07123,7,果実類,0,1,1,0,0,1,0,0,1,165.0,,1,0.5,,1,0.0,,1,40.5,,1,0.04,
07124,P,ブルーベリー 生,07124,7,果実類,0,13,5,4,4,13,0,0,13,61.51,12.37,13,0.54,0.08,13,0.14,0.17,13,15.25,2.71,13,0.0,0.0
07125,P,ブルーベリー ジャム,07125,7,果実類,0,17,9,5,3,17,0,0,17,190.53,48.05,17,0.15,0.22,17,0.05,0.13,17,47.51,12.02,17,0.07,0.04
07132,P,マンゴー 生,07132,7,果実類,0,6,1,0,5,6,0,0,6,61.5,6.47,6,0.73,0.27,6,0.03,0.08,6,14.88,1.52,6,0.0,0.0
07138,P,（もも類） もも 缶詰 白肉種 果肉,07138,7,果実類,0,5,3,0,2,5,0,0,5,78.8,5.36,5,0.44,0.05,5,0.04,0.05,5,19.26,1.36,5,0.01,0.01
07142,P,（かんきつ類） ゆず 果皮 生,07142,7,果実類,0,1,0,0,1,1,0,0,1,134.88,,1,0.7,,1,0.23,,1,29.07,,1,2.33,
07146,P,ラズベリー 生,07146,7,果実類,0,1,0,0,1,1,0,0,1,41.0,,1,1.1,,1,0.1,,1,10.2,,1,0.0,
07148,P,りんご 皮なし 生,07148,7,果実類,0,4,0,4,0,4,0,0,3,54.3,2.05,3,0.06,0.1,3,0.26,0.08,3,15.14,0.84,3,0.0,0.0
07149,P,りんご 果実飲料 ストレートジュース,07149,7,果実類,0,10,8,1,1,10,0,0,9,57.16,8.92,9,0.44,0.97,9,0.01,0.03,9,13.8,1.25,9,0.03,0.1
07150,P,りんご 果実飲料 濃縮還元ジュース,07150,7,果実類,0,15,9,6,0,15,0,0,12,47.04,2.66,12,0.1,0.06,12,0.0,0.01,12,11.76,0.75,12,0.0,0.01
07151,P,りんご 果実飲料 50%果汁入り飲料,07151,7,果実類,0,2,1,0,1,2,0,0,2,61.62,13.61,2,0.05,0.07,2,0.1,0.14,2,15.19,3.8,2,0.0,0.0
07152,P,りんご 果実飲料 30%果汁入り飲料,07152,7,果実類,0,7,0,7,0,7,0,0,7,28.36,16.57,7,0.02,0.04,7,0.0,0.0,7,7.66,4.3,7,0.02,0.02
07153,P,りんご 缶詰,07153,7,果実類,0,7,0,6,1,7,0,0,7,60.03,9.1,7,0.27,0.16,7,0.01,0.04,7,15.56,2.39,7,0.0,0.0
07154,P,りんご ジャム,07154,7,果実類,0,7,4,1,2,7,0,0,7,172.86,13.23,7,0.1,0.19,7,0.09,0.19,7,43.34,3.08,7,0.03,0.02
07155,P,（かんきつ類） レモン 全果 生,07155,7,果実類,0,2,0,2,0,2,0,0,1,30.77,,1,0.62,,1,0.0,,1,8.92,,1,0.0,
07156,P,（かんきつ類） レモン 果汁 生,07156,7,果実類,0,13,4,3,6,13,0,0,7,25.9,5.29,7,0.37,0.31,7,0.06,0.05,7,6.96,1.11,7,0.1,0.22
07157,P,ココナッツ ココナッツウォーター,07157,7,果実類,0,3,0,0,3,3,0,0,3,19.67,2.08,3,0.0,0.0,3,0.0,0.0,3,4.9,0.46,3,0.06,0.04
07158,P,ココナッツ ココナッツミルク,07158,7,果実類,0,11,0,0,11,11,0,0,11,156.73,55.56,11,1.37,0.82,11,15.47,6.55,11,3.1,1.89,11,0.06,0.04
07170,P,ココナッツ ナタデココ,07170,7,果実類,0,6,0,2,4,6,0,0,6,61.35,7.69,6,0.03,0.05,6,0.5,1.08,6,14.27,4.17,6,0.05,0.03
07172,P,ブルーベリー 乾,07172,7,果実類,0,4,1,3,0,4,0,0,4,211.75,170.62,4,0.88,0.34,4,0.6,0.59,4,52.05,41.43,4,0.0,0.0
07175,P,（もも類） もも 缶詰 黄肉種 果肉,07175,7,果実類,0,4,1,0,3,4,0,0,4,77.75,7.54,4,0.3,0.14,4,0.08,0.05,4,19.35,1.28,4,0.0,0.01
07176,P,りんご 皮つき 生,07176,7,果実類,0,10,0,10,0,10,0,0,10,68.22,7.09,10,0.49,0.27,10,0.35,0.39,10,16.53,0.65,10,0.0,0.01
07178,P,ぶどう 皮つき 生,07178,7,果実類,0,1,0,1,0,1,0,0,1,89.41,,1,0.59,,1,0.0,,1,22.29,,1,0.0,
07179,P,マンゴー ドライマンゴー,07179,7,果実類,0,8,1,5,2,8,0,0,6,247.83,142.18,6,1.3,0.65,6,0.28,0.38,6,61.55,35.18,6,0.17,0.19
07181,P,アサイー 冷凍 無糖,07181,7,果実類,0,4,0,2,2,4,0,0,4,96.84,20.53,4,1.27,0.08,4,2.36,3.11,4,18.07,4.71,4,0.04,0.04
08001,P,えのきたけ 生,08001,8,きのこ類,0,3,0,3,0,3,0,0,0,,,0,,,0,,,0,,,0,,
08003,P,えのきたけ 味付け瓶詰,08003,8,きのこ類,0,5,2,2,1,5,0,0,5,78.86,16.66,5,2.96,0.43,5,0.31,0.08,5,16.55,3.84,5,2.99,0.72
08006,P,（きくらげ類） きくらげ 乾,08006,8,きのこ類,0,10,1,5,4,10,0,0,7,170.57,4.72,7,7.46,1.56,7,1.13,0.76,7,75.86,3.56,7,0.1,0.02
08013,P,しいたけ 乾しいたけ 乾,08013,8,きのこ類,0,25,14,7,4,25,0,0,25,192.6,32.47,25,19.22,3.94,25,2.92,0.62,25,64.3,9.83,25,0.02,0.01
08016,P,（しめじ類） ぶなしめじ 生,08016,8,きのこ類,0,3,0,2,1,3,0,0,1,17.0,,1,2.7,,1,0.5,,1,4.8,,1,0.0,
08020,P,なめこ 株採り 生,08020,8,きのこ類,0,3,0,3,0,3,0,0,0,,,0,,,0,,,0,,,0,,
08025,P,（ひらたけ類） エリンギ 生,08025,8,きのこ類,0,3,0,2,1,3,0,0,1,21.0,,1,3.2,,1,0.5,,1,6.5,,1,0.0,
08026,P,（ひらたけ類） ひらたけ 生,08026,8,きのこ類,0,4,0,3,1,4,0,0,3,13.29,4.44,3,1.8,0.61,3,0.27,0.21,3,4.2,1.33,3,0.01,0.01
08028,P,まいたけ 生,08028,8,きのこ類,0,1,0,1,0,1,0,0,0,,,0,,,0,,,0,,,0,,
08031,P,マッシュルーム 生,08031,8,きのこ類,0,5,0,5,0,5,0,0,1,31.0,,1,3.3,,1,0.5,,1,4.4,,1,0.02,
08033,P,マッシュルーム 水煮缶詰,08033,8,きのこ類,0,3,0,1,2,3,0,0,3,16.33,4.04,3,2.93,0.42,3,0.23,0.15,3,3.27,0.55,3,0.9,0.1
08039,P,しいたけ 生しいたけ 菌床栽培 生,08039,8,きのこ類,0,11,0,8,3,11,0,0,4,21.0,2.71,4,2.7,0.73,4,0.3,0.0,4,6.2,0.34,4,0.0,0.01
09004,P,あまのり 焼きのり,09004,9,藻類,0,33,19,14,0,33,0,0,33,207.93,51.5,33,39.19,7.85,33,4.23,1.59,33,44.02,10.05,33,1.72,0.85
09005,P,あまのり 味付けのり,09005,9,藻類,0,21,16,5,0,21,0,0,21,367.81,91.49,21,30.29,6.09,21,9.48,13.57,21,45.31,17.32,21,6.4,5.95
09017,P,（こんぶ類） まこんぶ 素干し 乾,09017,9,藻類,0,9,5,4,0,9,0,0,9,140.3,11.96,9,6.88,2.73,9,1.89,0.66,9,58.27,7.6,9,7.17,1.52
09020,P,（こんぶ類） 刻み昆布,09020,9,藻類,0,1,1,0,0,1,0,0,1,115.62,,1,7.19,,1,0.62,,1,48.75,,1,9.06,
09021,P,（こんぶ類） 削り昆布,09021,9,藻類,0,6,5,1,0,6,0,0,6,186.67,7.3,6,3.69,0.8,6,1.82,0.59,6,52.73,1.32,6,5.71,0.14
09022,P,（こんぶ類） 塩昆布,09022,9,藻類,0,5,5,0,0,5,0,0,5,234.48,9.27,5,23.64,7.28,5,0.69,0.26,5,41.32,7.38,5,16.13,2.97
09023,P,（こんぶ類） つくだ煮,09023,9,藻類,0,33,18,14,1,1,32,0,32,199.23,31.69,32,8.22,7.4,32,0.84,0.82,32,42.81,4.5,32,8.08,4.08
09026,P,てんぐさ ところてん,09026,9,藻類,0,7,4,3,0,7,0,0,7,13.58,6.57,7,0.39,0.24,7,0.0,0.0,7,3.27,1.84,7,1.01,0.46
09027,P,てんぐさ 角寒天,09027,9,藻類,0,2,1,0,1,2,0,0,2,82.5,102.53,2,1.75,1.06,2,0.0,0.0,2,75.25,1.77,2,0.32,0.25
09032,P,ひとえぐさ 素干し,09032,9,藻類,0,4,1,1,2,4,0,0,4,137.92,9.75,4,15.82,8.11,4,1.25,0.88,4,50.74,12.76,4,8.93,2.07
09033,P,ひとえぐさ つくだ煮,09033,9,藻類,0,1,1,0,0,1,0,0,1,169.0,,1,4.7,,1,0.2,,1,37.1,,1,6.2,
09038,P,（もずく類） もずく 塩蔵 塩抜き,09038,9,藻類,0,35,27,8,0,35,0,0,35,30.55,20.7,35,0.56,0.42,35,0.01,0.03,35,7.31,4.64,35,1.55,0.68
09044,P,わかめ カットわかめ 乾,09044,9,藻類,0,16,6,9,1,16,0,0,16,149.22,19.02,16,19.87,1.63,16,5.13,0.67,16,41.01,3.07,16,22.12,4.44
09045,P,わかめ 湯通し塩蔵わかめ 塩抜き 生,09045,9,藻類,0,9,6,3,0,9,0,0,9,37.78,10.0,9,5.03,1.27,9,1.12,0.58,9,10.93,2.7,9,31.37,7.51
09046,P,わかめ くきわかめ 湯通し塩蔵 塩抜き,09046,9,藻類,0,11,3,6,2,11,0,0,11,96.98,22.51,11,2.39,0.47,11,0.35,0.19,11,23.19,5.41,11,10.72,10.78
09047,P,わかめ めかぶわかめ 生,09047,9,藻類,0,27,12,15,0,27,0,0,27,29.44,43.82,27,1.6,1.98,27,0.59,0.79,27,6.33,10.46,27,2.39,2.69
09049,P,てんぐさ 粉寒天,09049,9,藻類,0,5,3,2,0,5,0,0,5,72.0,155.43,5,0.0,0.0,5,0.0,0.0,5,84.1,7.53,5,0.43,0.16
09050,P,ひじき ほしひじき ステンレス釜 乾,09050,9,藻類,0,19,9,7,3,19,0,0,19,160.23,21.12,19,10.46,2.41,19,2.52,0.65,19,62.03,3.87,19,3.45,0.67
09051,P,ひじき ほしひじき ステンレス釜 ゆで,09051,9,藻類,0,7,7,0,0,7,0,0,7,15.79,1.35,7,1.16,0.21,7,0.34,0.11,7,5.94,0.24,7,0.18,0.03
10006,P,＜魚類＞ （あじ類） まあじ 開き干し 生,10006,10,魚介類,0,14,13,1,0,14,0,0,14,182.92,14.79,14,19.16,1.45,14,11.73,1.53,14,0.2,0.67,14,1.42,0.29
10035,P,＜魚類＞ いかなご つくだ煮,10035,10,魚介類,0,17,15,2,0,17,0,0,17,363.88,118.6,17,23.4,5.72,17,15.2,14.19,17,33.44,9.65,17,3.82,2.74
10043,P,＜魚類＞ （いわし類） うるめいわし 丸干し,10043,10,魚介類,0,2,1,1,0,2,0,0,2,320.31,6.63,2,64.38,0.88,2,6.72,0.23,2,0.88,0.53,2,7.18,1.32
10045,P,＜魚類＞ （いわし類） かたくちいわし 煮干し,10045,10,魚介類,0,9,5,4,0,9,0,0,9,309.21,12.62,9,66.93,2.1,9,4.52,1.19,9,0.19,0.36,9,4.54,1.55
10046,P,＜魚類＞ （いわし類） かたくちいわし 田作り,10046,10,魚介類,0,11,10,1,0,11,0,0,11,368.73,42.64,11,41.97,17.4,11,6.97,5.13,11,34.34,21.48,11,3.85,1.24
10047,P,＜魚類＞ （いわし類） まいわし 生,10047,10,魚介類,0,1,1,0,0,0,1,0,1,149.33,,1,20.4,,1,7.47,,1,0.2,,1,0.33,
10055,P,＜魚類＞ （いわし類） しらす干し 微乾燥品,10055,10,魚介類,0,12,12,0,0,12,0,0,12,121.33,5.91,12,24.87,1.28,12,2.3,0.16,12,0.07,0.23,9,2.77,1.3
10056,P,＜魚類＞ （いわし類） しらす干し 半乾燥品,10056,10,魚介類,0,10,6,4,0,10,0,0,10,206.95,24.62,10,44.42,4.96,10,3.17,0.57,10,0.06,0.13,10,4.82,1.34
10060,P,＜魚類＞ （いわし類） 缶詰 水煮,10060,10,魚介類,0,1,0,0,1,1,0,0,1,126.0,,1,15.9,,1,6.9,,1,0.2,,1,0.9,
10062,P,＜魚類＞ （いわし類） 缶詰 トマト漬,10062,10,魚介類,0,1,0,0,1,1,0,0,1,205.0,,1,15.5,,1,13.4,,1,5.6,,1,1.3,
10063,P,＜魚類＞ （いわし類） 缶詰 油漬,10063,10,魚介類,0,1,0,0,1,1,0,0,1,260.0,,1,16.0,,1,22.0,,1,0.4,,1,2.1,
10064,P,＜魚類＞ （いわし類） 缶詰 かば焼,10064,10,魚介類,0,12,4,1,7,10,2,0,12,219.47,58.33,12,14.6,2.61,12,14.79,6.67,12,7.14,4.82,11,1.36,0.54
10070,P,＜魚類＞ うなぎ かば焼,10070,10,魚介類,0,68,65,2,1,68,0,0,66,288.26,27.23,66,19.64,2.72,66,19.49,3.43,66,8.55,4.14,66,1.53,0.4
10086,P,＜魚類＞ （かつお類） かつお 春獲り 生,10086,10,魚介類,0,9,6,3,0,0,9,0,6,135.83,11.89,6,28.28,1.54,6,2.55,1.14,6,0.0,0.0,6,0.22,0.08
10092,P,＜魚類＞ （かつお類） 加工品 削り節,10092,10,魚介類,0,22,11,11,0,22,0,0,22,342.48,18.98,22,77.04,3.03,22,4.05,1.58,22,0.41,0.62,22,1.26,0.84
10097,P,＜魚類＞ （かつお類） 缶詰 油漬 フレーク,10097,10,魚介類,0,14,2,4,8,14,0,0,14,253.1,63.68,14,16.76,2.89,14,20.23,7.41,14,0.73,0.99,13,0.83,0.21
10100,P,＜魚類＞ （かれい類） まがれい 生,10100,10,魚介類,0,1,0,0,1,1,0,0,0,,,0,,,0,,,0,,,0,,
10129,P,＜魚類＞ （さけ・ます類） からふとます 水煮缶詰,10129,10,魚介類,0,1,0,1,0,1,0,0,1,155.71,,1,10.5,,1,12.5,,1,0.71,,1,1.21,
10130,P,＜魚類＞ （さけ・ます類） ぎんざけ 養殖 生,10130,10,魚介類,0,2,2,0,0,2,0,0,0,,,0,,,0,,,0,,,0,,
10131,P,＜魚類＞ （さけ・ます類） ぎんざけ 養殖 焼き,10131,10,魚介類,0,1,1,0,0,1,0,0,1,226.0,,1,24.0,,1,14.4,,1,0.0,,1,1.2,
10136,P,＜魚類＞ （さけ・ます類） しろさけ 焼き,10136,10,魚介類,0,1,1,0,0,1,0,0,1,117.65,,1,24.12,,1,2.35,,1,0.0,,1,1.18,
10139,P,＜魚類＞ （さけ・ます類） しろさけ 塩ざけ,10139,10,魚介類,0,17,16,1,0,17,0,0,17,177.02,54.49,17,18.58,2.02,17,11.36,6.46,17,0.1,0.21,17,1.76,0.4
10140,P,＜魚類＞ （さけ・ます類） しろさけ イクラ,10140,10,魚介類,0,7,6,1,0,7,0,0,7,224.76,36.27,7,26.94,5.4,7,11.55,2.33,7,3.11,1.59,7,1.93,0.64
10141,P,＜魚類＞ （さけ・ます類） しろさけ すじこ,10141,10,魚介類,0,2,1,1,0,2,0,0,2,258.5,2.12,2,26.25,3.89,2,13.25,1.06,2,9.75,3.89,2,5.3,0.42
10143,P,＜魚類＞ （さけ・ます類） しろさけ 水煮缶詰,10143,10,魚介類,0,17,7,9,1,0,17,0,17,198.62,54.02,17,22.53,2.7,17,10.03,5.93,17,5.1,4.69,17,3.69,1.51
10144,P,＜魚類＞ （さけ・ます類） たいせいようさけ 養殖 皮つき 生,10144,10,魚介類,0,3,0,3,0,0,3,0,0,,,0,,,0,,,0,,,0,,
10146,P,＜魚類＞ （さけ・ます類） にじます 海面養殖 皮つき 生,10146,10,魚介類,0,10,6,4,0,10,0,0,5,173.8,31.58,5,18.44,5.27,5,9.76,1.8,5,2.9,3.26,5,2.02,1.0
10150,P,＜魚類＞ （さけ・ます類） べにざけ 焼き,10150,10,魚介類,0,1,1,0,0,1,0,0,1,122.5,,1,26.25,,1,2.0,,1,0.0,,1,1.75,
10151,P,＜魚類＞ （さけ・ます類） べにざけ くん製,10151,10,魚介類,0,11,6,5,0,11,0,0,11,163.34,43.16,11,22.15,1.26,11,8.14,5.09,11,0.25,0.31,11,2.33,0.49
10154,P,＜魚類＞ （さば類） まさば 生,10154,10,魚介類,0,2,1,1,0,2,0,0,2,266.23,39.27,2,16.94,0.23,2,20.89,8.22,2,4.74,6.14,2,1.32,1.17
10156,P,＜魚類＞ （さば類） まさば 焼き,10156,10,魚介類,0,5,3,2,0,5,0,0,5,300.01,47.34,5,18.09,2.3,5,24.03,7.77,5,3.12,6.65,5,1.28,0.33
10161,P,＜魚類＞ （さば類） 加工品 塩さば,10161,10,魚介類,0,12,5,6,1,12,0,0,12,266.42,17.45,12,19.0,8.81,12,20.86,5.54,12,0.31,0.27,12,1.26,0.41
10162,P,＜魚類＞ （さば類） 加工品 開き干し,10162,10,魚介類,0,2,2,0,0,2,0,0,2,262.0,0.0,2,15.3,0.0,2,22.3,0.0,2,0.1,0.0,2,1.4,0.0
10163,P,＜魚類＞ （さば類） 加工品 しめさば,10163,10,魚介類,0,23,18,4,1,23,0,0,22,255.94,42.88,22,16.35,1.85,22,18.64,4.6,22,5.72,2.21,22,2.13,0.34
10164,P,＜魚類＞ （さば類） 缶詰 水煮,10164,10,魚介類,0,6,4,1,1,6,0,0,6,168.3,43.69,6,15.46,0.84,6,11.83,5.15,6,0.09,0.17,6,1.01,0.15
10165,P,＜魚類＞ （さば類） 缶詰 みそ煮,10165,10,魚介類,0,30,19,6,5,30,0,0,30,248.04,41.84,30,14.48,1.78,30,17.02,4.43,30,9.24,2.13,30,1.27,0.23
10166,P,＜魚類＞ （さば類） 缶詰 味付け,10166,10,魚介類,0,14,13,1,0,14,0,0,14,285.73,54.47,14,13.63,3.38,14,22.23,6.01,14,7.93,3.32,14,1.05,0.19
10172,P,＜魚類＞ さわら 焼き,10172,10,魚介類,0,2,1,1,0,2,0,0,2,184.82,139.75,2,18.82,1.16,2,9.48,11.28,2,6.2,8.2,2,1.16,0.93
10178,P,＜魚類＞ さんま 缶詰 かば焼,10178,10,魚介類,0,3,2,1,0,3,0,0,3,198.22,27.33,3,16.46,1.45,3,11.32,2.39,3,7.59,0.16,3,1.41,0.02
10182,P,＜魚類＞ （ししゃも類） からふとししゃも 生干し 生,10182,10,魚介類,0,12,9,3,0,12,0,0,12,181.83,15.73,12,16.09,0.59,12,12.72,1.92,12,0.74,0.2,12,1.22,0.34
10183,P,＜魚類＞ （ししゃも類） からふとししゃも 生干し 焼き,10183,10,魚介類,0,3,2,1,0,3,0,0,3,346.67,2.89,3,26.38,1.07,3,4.94,3.02,3,49.59,4.35,3,1.71,0.37
10199,P,＜魚類＞ （たら類） すけとうだら 生,10199,10,魚介類,0,4,2,2,0,4,0,0,4,79.5,13.7,4,19.0,3.33,4,0.78,0.26,4,0.05,0.06,3,0.4,0.17
10202,P,＜魚類＞ （たら類） すけとうだら たらこ 生,10202,10,魚介類,0,8,8,0,0,8,0,0,8,115.25,14.18,8,20.8,2.04,8,2.79,0.51,8,1.7,0.77,8,4.61,0.98
10204,P,＜魚類＞ （たら類） すけとうだら からしめんたいこ,10204,10,魚介類,0,17,14,3,0,17,0,0,17,119.93,11.65,17,18.55,4.88,17,2.76,0.58,17,5.26,3.81,17,4.74,1.06
10224,P,＜魚類＞ にしん かずのこ 塩蔵 水戻し,10224,10,魚介類,0,48,48,0,0,20,28,0,48,95.4,14.58,48,16.08,2.18,48,2.31,0.38,48,2.63,3.33,48,13.18,8.19
10235,P,＜魚類＞ ひらめ 養殖 皮つき 生,10235,10,魚介類,0,3,0,3,0,3,0,0,0,,,0,,,0,,,0,,,0,,
10242,P,＜魚類＞ ぶり 成魚 焼き,10242,10,魚介類,0,1,0,0,1,0,1,0,1,223.0,,1,15.6,,1,12.2,,1,10.6,,1,1.8,
10248,P,＜魚類＞ ほっけ 開き干し 生,10248,10,魚介類,0,5,3,2,0,5,0,0,5,151.04,26.25,5,17.84,2.88,5,8.75,4.02,5,0.47,0.71,5,1.42,0.45
10252,P,＜魚類＞ （まぐろ類） きはだ 生,10252,10,魚介類,0,28,25,3,0,2,26,0,26,129.96,33.19,26,19.35,3.4,26,4.0,4.21,26,4.13,3.17,26,1.8,0.83
10260,P,＜魚類＞ （まぐろ類） 缶詰 水煮 フレーク ライト,10260,10,魚介類,0,21,10,4,7,17,4,0,20,78.08,13.58,20,17.28,1.99,20,0.82,1.26,20,0.38,0.93,20,0.84,0.2
10262,P,＜魚類＞ （まぐろ類） 缶詰 味付け フレーク,10262,10,魚介類,0,1,1,0,0,1,0,0,1,88.0,,1,20.0,,1,0.8,,1,0.0,,1,0.8,
10263,P,＜魚類＞ （まぐろ類） 缶詰 油漬 フレーク ライト,10263,10,魚介類,0,13,4,2,7,13,0,0,12,263.28,31.14,12,17.19,1.91,12,21.45,3.93,12,0.5,0.88,12,0.9,0.25
10277,P,＜魚類＞ わかさぎ つくだ煮,10277,10,魚介類,0,3,1,2,0,3,0,0,3,308.5,39.74,3,20.79,3.8,3,3.22,2.34,3,49.43,2.13,3,3.06,0.82
10281,P,＜貝類＞ あさり 生,10281,10,魚介類,0,12,0,8,4,12,0,0,12,56.17,19.5,12,8.28,2.13,12,0.67,0.3,12,4.18,3.48,12,1.38,0.75
10282,P,＜貝類＞ あさり つくだ煮,10282,10,魚介類,0,1,1,0,0,1,0,0,1,238.67,,1,14.27,,1,1.2,,1,42.67,,1,4.53,
10292,P,＜貝類＞ かき 養殖 生,10292,10,魚介類,0,6,6,0,0,6,0,0,0,,,0,,,0,,,0,,,0,,
10293,P,＜貝類＞ かき 養殖 水煮,10293,10,魚介類,0,3,3,0,0,3,0,0,3,85.0,13.86,3,8.6,1.21,3,2.33,0.23,3,7.37,1.67,3,0.73,0.06
10297,P,＜貝類＞ しじみ 生,10297,10,魚介類,0,4,4,0,0,4,0,0,0,,,0,,,0,,,0,,,0,,
10313,P,＜貝類＞ ほたてがい 貝柱 生,10313,10,魚介類,0,1,1,0,0,1,0,0,0,,,0,,,0,,,0,,,0,,
10315,P,＜貝類＞ ほたてがい 貝柱 水煮缶詰,10315,10,魚介類,0,2,2,0,0,2,0,0,2,95.35,0.0,2,18.37,0.0,2,0.47,0.0,2,4.19,0.0,2,0.93,0.0
10325,P,＜えび・かに類＞ （えび類） さくらえび 素干し,10325,10,魚介類,0,9,3,3,3,9,0,0,9,291.27,34.4,9,61.69,7.63,9,4.24,1.04,9,1.05,1.21,9,3.32,0.59
10329,P,＜えび・かに類＞ （えび類） ブラックタイガー 養殖 生,10329,10,魚介類,0,7,7,0,0,7,0,0,1,80.0,,1,18.57,,1,0.57,,1,0.0,,1,0.71,
10336,P,＜えび・かに類＞ （かに類） ずわいがに ゆで,10336,10,魚介類,0,5,0,5,0,5,0,0,5,72.0,0.0,5,16.9,0.0,5,0.5,0.0,5,0.0,0.0,5,1.2,0.0
10337,P,＜えび・かに類＞ （かに類） ずわいがに 水煮缶詰,10337,10,魚介類,0,1,0,0,1,0,1,0,1,82.0,,1,17.9,,1,0.7,,1,1.0,,1,1.4,
10345,P,＜いか・たこ類＞ （いか類） するめいか 生,10345,10,魚介類,0,4,3,1,0,4,0,0,2,102.5,41.72,2,12.52,6.2,2,5.16,6.46,2,2.4,3.39,2,0.94,0.19
10353,P,＜いか・たこ類＞ （いか類） 加工品 するめ,10353,10,魚介類,0,15,15,0,0,2,13,0,15,317.32,16.0,15,68.54,7.92,15,4.06,0.83,15,1.62,5.04,15,3.52,1.13
10354,P,＜いか・たこ類＞ （いか類） 加工品 さきいか,10354,10,魚介類,0,29,3,25,1,29,0,0,29,287.62,48.52,29,40.47,15.12,29,2.36,2.87,29,26.01,9.85,29,4.98,1.23
10357,P,＜いか・たこ類＞ （いか類） 加工品 いかあられ,10357,10,魚介類,0,4,4,0,0,4,0,0,4,415.62,36.75,4,8.36,0.94,4,8.54,5.1,4,77.22,2.19,4,1.6,0.56
10359,P,＜いか・たこ類＞ （いか類） 加工品 味付け缶詰,10359,10,魚介類,0,1,0,0,1,1,0,0,1,82.11,,1,7.0,,1,0.21,,1,13.11,,1,1.89,
10362,P,＜いか・たこ類＞ （たこ類） まだこ ゆで,10362,10,魚介類,0,14,8,1,5,14,0,0,14,86.79,12.91,14,16.45,3.6,14,0.59,0.34,14,3.64,3.13,14,1.89,0.78
10370,P,＜その他＞ くらげ 塩蔵 塩抜き,10370,10,魚介類,0,5,3,1,1,5,0,0,5,125.78,64.35,5,5.46,2.43,5,4.6,3.03,5,15.68,8.43,5,8.08,8.96
10376,P,＜水産練り製品＞ かに風味かまぼこ,10376,10,魚介類,0,21,10,10,1,21,0,0,21,100.39,36.3,21,9.97,1.1,21,1.88,3.08,21,11.02,2.98,21,2.01,0.29
10379,P,＜水産練り製品＞ 蒸しかまぼこ,10379,10,魚介類,0,35,35,0,0,35,0,0,33,116.95,37.41,33,10.83,2.57,33,3.08,3.62,33,11.39,4.09,33,2.01,0.2
10380,P,＜水産練り製品＞ 焼き抜きかまぼこ,10380,10,魚介類,0,12,8,4,0,12,0,0,12,98.4,17.16,12,11.7,1.45,12,0.8,1.42,12,11.14,1.79,12,2.34,0.32
10381,P,＜水産練り製品＞ 焼き竹輪,10381,10,魚介類,0,16,7,9,0,16,0,0,16,118.52,19.61,16,11.78,1.58,16,1.44,2.03,16,14.57,3.69,16,2.32,0.29
10382,P,＜水産練り製品＞ だて巻,10382,10,魚介類,0,13,13,0,0,13,0,0,13,213.58,24.1,13,10.08,1.26,13,7.05,1.96,13,27.32,4.43,13,0.85,0.22
10383,P,＜水産練り製品＞ つみれ,10383,10,魚介類,0,11,2,9,0,11,0,0,11,193.21,38.87,11,9.35,1.43,11,11.52,4.18,11,13.07,3.96,11,1.42,0.45
10384,P,＜水産練り製品＞ なると,10384,10,魚介類,0,6,3,1,2,6,0,0,5,105.77,15.74,5,10.01,2.81,5,1.66,1.38,5,12.66,2.79,5,2.14,0.19
10386,P,＜水産練り製品＞ さつま揚げ,10386,10,魚介類,0,23,20,2,1,23,0,0,23,149.31,30.92,23,10.19,2.37,23,5.19,2.8,23,15.45,3.22,23,1.99,0.47
10388,P,＜水産練り製品＞ 魚肉ソーセージ,10388,10,魚介類,0,11,4,7,0,11,0,0,10,161.16,62.64,10,11.13,4.17,10,4.69,2.88,10,18.81,14.41,10,2.09,1.09
10390,P,＜魚類＞ （あじ類） まあじ 皮つき フライ,10390,10,魚介類,0,7,3,2,2,7,0,0,7,214.74,90.81,7,13.33,1.7,7,9.55,10.3,7,18.37,2.28,7,0.68,0.32
10397,P,＜魚類＞ （いわし類） 缶詰 アンチョビ,10397,10,魚介類,0,1,0,0,1,1,0,0,1,176.19,,1,26.9,,1,7.14,,1,1.19,,1,16.9,
10415,P,＜えび・かに類＞ （えび類） バナメイえび 養殖 生,10415,10,魚介類,0,36,9,10,17,0,36,0,36,64.36,18.68,36,13.8,4.38,36,0.44,0.3,36,1.06,1.68,36,1.12,0.68
10419,P,＜いか・たこ類＞ （いか類） するめいか 胴 皮なし 天ぷら,10419,10,魚介類,0,6,1,1,4,6,0,0,5,244.69,161.09,5,9.86,1.46,5,11.18,11.77,5,26.45,15.02,5,1.76,0.92
10423,P,＜水産練り製品＞ 黒はんぺん,10423,10,魚介類,0,12,2,10,0,12,0,0,12,106.9,14.7,12,6.11,1.29,12,3.14,2.59,12,13.73,1.5,12,1.65,0.15
10430,P,＜貝類＞ かき 養殖 フライ,10430,10,魚介類,0,11,10,1,0,11,0,0,11,140.48,15.17,11,8.35,0.56,11,2.56,0.28,11,20.99,4.08,11,0.8,0.2
10445,P,＜魚類＞ （いわし類） しらす 釜揚げしらす,10445,10,魚介類,0,7,5,2,0,7,0,0,7,102.14,9.94,7,20.9,1.84,7,1.98,0.31,7,0.0,0.0,7,2.06,0.48
11062,P,＜畜肉類＞ うし ［輸入牛肉］ かた 赤肉 生,11062,11,肉類,0,4,0,1,3,4,0,0,3,371.0,0.0,3,14.4,0.0,3,32.9,0.0,3,0.2,0.0,3,0.1,0.0
11101,P,＜畜肉類＞ うし ［副生物］ 腱 ゆで,11101,11,肉類,0,1,1,0,0,1,0,0,1,376.0,,1,22.5,,1,31.8,,1,0.0,,1,0.09,
11104,P,＜畜肉類＞ うし ［加工品］ ローストビーフ,11104,11,肉類,0,15,2,13,0,15,0,0,9,307.93,251.11,9,17.96,9.13,9,8.63,9.97,9,5.69,9.59,9,2.14,2.03
11105,P,＜畜肉類＞ うし ［加工品］ コンビーフ缶詰,11105,11,肉類,0,1,0,0,1,1,0,0,1,210.0,,1,25.3,,1,11.7,,0,,,1,1.6,
11107,P,＜畜肉類＞ うし ［加工品］ ビーフジャーキー,11107,11,肉類,0,4,1,3,0,4,0,0,4,357.5,109.05,4,33.18,7.6,4,18.64,16.49,4,14.26,7.39,4,4.62,0.97
11108,P,＜畜肉類＞ うし ［加工品］ スモークタン,11108,11,肉類,0,2,0,2,0,2,0,0,2,198.22,0.4,2,18.05,0.01,2,12.99,0.0,2,2.68,0.01,2,2.68,0.01
11130,P,＜畜肉類＞ ぶた ［大型種肉］ もも 脂身つき 生,11130,11,肉類,0,2,0,2,0,0,2,0,2,184.0,8.49,2,13.4,0.28,2,10.55,0.07,2,9.0,1.98,2,2.6,0.14
11164,P,＜畜肉類＞ ぶた ［副生物］ 舌 生,11164,11,肉類,0,1,0,0,1,1,0,0,1,221.0,,1,15.9,,1,16.3,,1,0.1,,1,0.2,
11175,P,＜畜肉類＞ ぶた ［ハム類］ ボンレスハム,11175,11,肉類,0,4,0,4,0,4,0,0,4,151.43,45.9,4,19.06,2.12,4,7.16,4.9,4,2.65,1.06,4,2.07,0.64
11176,P,＜畜肉類＞ ぶた ［ハム類］ ロースハム ロースハム,11176,11,肉類,0,20,14,6,0,20,0,0,20,134.01,34.98,20,19.31,2.13,20,5.14,4.14,20,2.74,1.47,20,2.19,0.53
11178,P,＜畜肉類＞ ぶた ［プレスハム類］ プレスハム,11178,11,肉類,0,3,0,0,3,0,3,0,3,194.42,48.44,3,12.29,0.51,3,12.46,7.32,3,8.33,5.86,3,2.02,0.67
11181,P,＜畜肉類＞ ぶた ［ハム類］ 生ハム 促成,11181,11,肉類,0,5,1,4,0,5,0,0,5,162.91,25.48,5,22.19,1.59,5,7.12,3.57,5,2.42,0.99,5,5.19,0.32
11183,P,＜畜肉類＞ ぶた ［ベーコン類］ ばらベーコン,11183,11,肉類,0,29,14,15,0,29,0,0,29,243.06,62.01,29,14.89,1.66,29,19.17,7.26,29,2.83,1.74,29,2.27,0.7
11186,P,＜畜肉類＞ ぶた ［ソーセージ類］ ウインナーソーセージ ウインナーソーセージ,11186,11,肉類,0,56,20,24,12,56,0,0,55,296.66,35.74,55,12.12,2.5,55,25.13,5.14,55,5.19,5.21,55,1.76,0.37
11188,P,＜畜肉類＞ ぶた ［ソーセージ類］ ドライソーセージ,11188,11,肉類,0,11,0,11,0,11,0,0,11,462.65,39.45,11,23.35,2.45,11,37.64,5.83,11,7.84,3.3,11,3.73,0.24
11190,P,＜畜肉類＞ ぶた ［ソーセージ類］ ボロニアソーセージ,11190,11,肉類,0,5,1,4,0,5,0,0,5,305.07,33.39,5,11.64,1.29,5,27.05,4.43,5,3.83,2.81,5,1.87,0.43
11195,P,＜畜肉類＞ ぶた ［その他］ 焼き豚,11195,11,肉類,0,13,4,9,0,13,0,0,13,205.97,87.52,13,15.66,5.4,13,13.44,9.89,13,5.72,1.91,13,2.14,0.77
11198,P,＜畜肉類＞ ぶた ［その他］ ゼラチン,11198,11,肉類,0,1,1,0,0,1,0,0,1,366.67,,1,90.0,,1,0.0,,1,0.0,,1,1.0,
11208,P,＜鳥肉類＞ かも まがも 肉 皮なし 生,11208,11,肉類,0,1,0,0,1,1,0,0,1,210.0,,1,21.9,,1,13.6,,1,0.0,,1,3.0,
11218,P,＜鳥肉類＞ にわとり ［若どり・主品目］ 手羽 皮つき 生,11218,11,肉類,0,1,0,0,1,1,0,0,1,206.0,,1,16.9,,1,13.7,,1,1.4,,1,0.4,
11219,P,＜鳥肉類＞ にわとり ［若どり・主品目］ むね 皮つき 生,11219,11,肉類,0,1,0,0,1,1,0,0,1,145.0,,1,21.3,,1,5.9,,1,0.1,,0,,
11221,P,＜鳥肉類＞ にわとり ［若どり・主品目］ もも 皮つき 生,11221,11,肉類,0,1,0,0,1,1,0,0,1,204.0,,1,16.6,,1,14.2,,1,0.0,,1,0.2,
11222,P,＜鳥肉類＞ にわとり ［若どり・主品目］ もも 皮つき 焼き,11222,11,肉類,0,11,9,1,1,0,11,0,10,177.09,32.53,10,18.8,2.43,10,8.99,3.41,10,5.21,3.49,10,1.51,0.33
11229,P,＜鳥肉類＞ にわとり ［若どり・副品目］ ささみ ゆで,11229,11,肉類,0,3,2,0,1,3,0,0,3,75.0,26.94,3,16.86,5.57,3,0.55,0.26,3,0.14,0.25,3,0.39,0.54
11231,P,＜鳥肉類＞ にわとり ［副品目］ 心臓 生,11231,11,肉類,0,1,0,0,1,1,0,0,1,207.0,,1,14.5,,1,15.5,,1,0.0,,1,85.0,
11232,P,＜鳥肉類＞ にわとり ［副品目］ 肝臓 生,11232,11,肉類,0,2,0,0,2,2,0,0,2,111.0,0.0,2,18.9,0.0,2,3.1,0.0,2,0.6,0.0,1,0.0,
11236,P,＜鳥肉類＞ にわとり ［副品目］ なんこつ（胸肉） 生,11236,11,肉類,0,1,0,1,0,1,0,0,1,136.36,,1,19.64,,1,3.27,,1,8.36,,1,2.91,
11237,P,＜鳥肉類＞ にわとり ［その他］ 焼き鳥缶詰,11237,11,肉類,0,37,16,7,14,37,0,0,31,217.11,88.05,31,16.13,5.49,31,12.55,10.74,31,9.59,8.2,31,1.75,0.78
11276,P,＜畜肉類＞ ぶた ［大型種肉］ ロース 脂身つき とんかつ,11276,11,肉類,0,19,14,1,4,18,1,0,18,231.33,59.38,18,12.34,2.32,18,12.23,6.58,18,17.71,5.6,18,0.93,0.45
11279,P,＜畜肉類＞ ぶた ［大型種肉］ ヒレ 赤肉 とんかつ,11279,11,肉類,0,3,3,0,0,3,0,0,3,227.82,84.31,3,11.98,1.6,3,12.02,9.54,3,18.09,0.46,3,1.01,0.75
11285,P,＜鳥肉類＞ にわとり ［若どり・主品目］ 手羽さき 皮つき 生,11285,11,肉類,0,1,0,0,1,1,0,0,1,226.0,,1,17.4,,1,16.2,,1,0.0,,1,0.0,
11286,P,＜鳥肉類＞ にわとり ［若どり・主品目］ 手羽もと 皮つき 生,11286,11,肉類,0,3,0,0,3,3,0,0,3,201.67,8.08,3,17.97,0.4,3,13.4,1.04,2,0.0,0.0,2,0.1,0.14
11289,P,＜鳥肉類＞ にわとり ［若どり・主品目］ もも 皮つき から揚げ,11289,11,肉類,0,40,25,12,3,36,4,0,40,239.17,77.13,40,14.56,3.11,40,13.68,7.93,40,14.43,4.48,40,1.52,0.39
11292,P,＜鳥肉類＞ にわとり ［その他］ チキンナゲット,11292,11,肉類,0,13,7,3,3,13,0,0,13,222.06,28.65,13,13.11,1.45,13,11.53,3.3,13,16.51,3.25,13,1.32,0.33
11293,P,＜鳥肉類＞ にわとり ［その他］ つくね,11293,11,肉類,0,8,0,3,5,8,0,0,8,164.48,33.95,8,13.42,2.03,8,7.78,2.96,8,10.16,3.3,8,1.36,0.46
11299,P,＜鳥肉類＞ にわとり ［若どり・副品目］ ささみ 天ぷら,11299,11,肉類,0,1,1,0,0,1,0,0,1,149.0,,1,20.8,,1,5.0,,1,5.3,,1,1.0,
11300,P,＜鳥肉類＞ にわとり ［若どり・副品目］ ささみ フライ,11300,11,肉類,0,6,4,0,2,6,0,0,6,164.63,65.68,6,14.48,2.15,6,5.26,6.4,6,14.5,3.8,6,1.01,0.27
11302,P,＜畜肉類＞ うし ［乳用肥育牛肉］ かた 赤肉 焼き,11302,11,肉類,0,8,0,5,3,8,0,0,8,260.07,38.36,8,11.16,1.2,8,18.69,3.72,8,11.28,3.62,8,1.8,0.2
12003,P,うずら卵 水煮缶詰,12003,12,卵類,0,9,3,3,3,9,0,0,9,176.09,16.86,9,12.47,1.38,9,12.96,1.02,9,1.59,2.15,9,0.5,0.5
12004,P,鶏卵 全卵 生,12004,12,卵類,0,37,0,37,0,37,0,0,37,140.3,3.58,37,12.35,0.22,37,9.63,0.47,37,1.06,0.43,37,0.43,0.07
12017,P,鶏卵 たまご豆腐,12017,12,卵類,0,10,6,4,0,10,0,0,9,40.8,6.56,9,3.64,0.42,9,2.65,0.5,9,0.7,0.4,9,0.94,0.11
12018,P,鶏卵 たまご焼 厚焼きたまご,12018,12,卵類,0,10,5,5,0,10,0,0,10,154.89,16.84,10,10.61,2.35,10,9.71,1.73,10,6.18,4.17,10,1.22,0.16
12020,P,あひる卵 ピータン,12020,12,卵類,0,1,0,0,1,0,1,0,1,179.0,,1,13.4,,1,13.7,,1,0.5,,1,4.8,
13003,P,＜牛乳及び乳製品＞ （液状乳類） 普通牛乳,13003,13,乳類,0,81,50,31,0,81,0,0,0,,,0,,,0,,,0,,,0,,
13004,P,＜牛乳及び乳製品＞ （液状乳類） 加工乳 濃厚,13004,13,乳類,0,1,1,0,0,1,0,0,0,,,0,,,0,,,0,,,0,,
13005,P,＜牛乳及び乳製品＞ （液状乳類） 加工乳 低脂肪,13005,13,乳類,0,18,11,7,0,18,0,0,0,,,0,,,0,,,0,,,0,,
13006,P,＜牛乳及び乳製品＞ （液状乳類） 脱脂乳,13006,13,乳類,0,2,1,1,0,2,0,0,0,,,0,,,0,,,0,,,0,,
13007,P,＜牛乳及び乳製品＞ （液状乳類） 乳飲料 コーヒー,13007,13,乳類,0,8,5,3,0,8,0,0,2,58.75,20.45,2,2.64,0.21,2,2.36,0.35,2,6.86,4.14,1,0.14,
13010,P,＜牛乳及び乳製品＞ （粉乳類） 脱脂粉乳,13010,13,乳類,0,1,1,0,0,1,0,0,1,360.0,,1,35.9,,1,0.8,,1,51.9,,1,1.2,
13013,P,＜牛乳及び乳製品＞ （練乳類） 加糖練乳,13013,13,乳類,0,7,1,0,6,1,6,0,7,338.14,3.93,7,4.57,1.59,7,10.77,0.99,7,55.76,1.0,7,0.2,0.0
13016,P,＜牛乳及び乳製品＞ （クリーム類） クリーム 植物性脂肪,13016,13,乳類,0,2,0,0,2,0,2,0,2,285.5,27.58,2,2.0,0.28,2,26.95,1.48,2,8.75,3.18,2,0.08,0.0
13019,P,＜牛乳及び乳製品＞ （クリーム類） ホイップクリーム 植物性脂肪,13019,13,乳類,0,2,1,0,1,2,0,0,1,297.0,,1,0.6,,1,27.2,,1,12.6,,1,0.1,
13022,P,＜牛乳及び乳製品＞ （クリーム類） コーヒーホワイトナー 液状 植物性脂肪,13022,13,乳類,0,5,2,3,0,5,0,0,3,200.0,38.49,3,4.6,1.8,3,18.52,6.41,3,3.33,0.0,3,0.67,0.19
13024,P,＜牛乳及び乳製品＞ （クリーム類） コーヒーホワイトナー 粉末状 植物性脂肪,13024,13,乳類,0,3,1,0,2,3,0,0,3,555.56,19.25,3,2.78,0.96,3,33.33,0.0,3,56.67,0.0,3,0.66,0.58
13025,P,＜牛乳及び乳製品＞ （発酵乳・乳酸菌飲料） ヨーグルト 全脂無糖,13025,13,乳類,0,14,1,13,0,14,0,0,14,48.34,16.02,14,3.88,1.98,14,1.21,1.31,14,5.55,2.74,14,0.11,0.02
13026,P,＜牛乳及び乳製品＞ （発酵乳・乳酸菌飲料） ヨーグルト 脱脂加糖,13026,13,乳類,0,74,54,20,0,11,63,0,73,76.97,13.56,73,4.04,1.42,73,1.68,1.22,73,11.45,2.82,73,0.11,0.02
13028,P,＜牛乳及び乳製品＞ （発酵乳・乳酸菌飲料） 乳酸菌飲料 乳製品,13028,13,乳類,0,9,9,0,0,9,0,0,1,52.8,,1,0.08,,1,0.0,,1,13.12,,1,0.0,
13031,P,＜牛乳及び乳製品＞ （チーズ類） ナチュラルチーズ エダム,13031,13,乳類,0,1,0,0,1,0,1,0,1,293.0,,1,18.3,,1,23.8,,1,1.4,,1,2.2,
13034,P,＜牛乳及び乳製品＞ （チーズ類） ナチュラルチーズ カマンベール,13034,13,乳類,0,4,1,2,1,4,0,0,4,322.83,32.91,4,18.2,3.07,4,23.5,0.6,3,11.78,10.34,4,2.38,0.94
13035,P,＜牛乳及び乳製品＞ （チーズ類） ナチュラルチーズ クリーム,13035,13,乳類,0,15,3,10,2,15,0,0,15,341.29,20.55,15,6.12,0.55,15,29.09,2.58,15,14.23,7.37,15,1.33,0.44
13036,P,＜牛乳及び乳製品＞ （チーズ類） ナチュラルチーズ ゴーダ,13036,13,乳類,0,12,8,4,0,12,0,0,12,361.92,19.77,12,24.32,0.77,12,28.32,2.14,11,2.55,0.62,12,1.71,0.24
13037,P,＜牛乳及び乳製品＞ （チーズ類） ナチュラルチーズ チェダー,13037,13,乳類,0,3,0,3,0,3,0,0,2,398.5,20.51,2,25.05,0.35,2,32.2,2.26,2,2.8,0.85,2,1.65,0.35
13038,P,＜牛乳及び乳製品＞ （チーズ類） ナチュラルチーズ パルメザン,13038,13,乳類,0,3,2,1,0,3,0,0,3,520.0,20.0,3,42.67,1.15,3,37.33,2.31,3,3.33,2.31,3,2.67,1.15
13040,P,＜牛乳及び乳製品＞ （チーズ類） プロセスチーズ,13040,13,乳類,0,46,21,25,0,46,0,0,43,323.02,14.96,43,18.53,4.7,43,25.7,2.37,38,5.03,7.25,43,2.58,0.61
13041,P,＜牛乳及び乳製品＞ （チーズ類） チーズスプレッド,13041,13,乳類,0,3,1,2,0,3,0,0,3,272.56,43.72,3,8.14,3.0,3,24.64,5.75,3,4.7,1.04,3,2.18,1.0
13043,P,＜牛乳及び乳製品＞ （アイスクリーム類） アイスクリーム 普通脂肪,13043,13,乳類,0,16,6,10,0,16,0,0,7,217.86,15.12,7,3.46,0.64,7,10.7,1.68,7,27.19,3.52,7,0.11,0.04
13044,P,＜牛乳及び乳製品＞ （アイスクリーム類） アイスミルク,13044,13,乳類,0,14,10,4,0,14,0,0,0,,,0,,,0,,,0,,,0,,
13045,P,＜牛乳及び乳製品＞ （アイスクリーム類） ラクトアイス 普通脂肪,13045,13,乳類,0,19,10,9,0,19,0,0,1,164.0,,1,2.9,,1,8.2,,1,19.9,,1,0.2,
13046,P,＜牛乳及び乳製品＞ （アイスクリーム類） ラクトアイス 低脂肪,13046,13,乳類,0,13,4,9,0,13,0,0,0,,,0,,,0,,,0,,,0,,
13049,P,＜牛乳及び乳製品＞ （その他） シャーベット,13049,13,乳類,0,34,27,5,2,25,9,0,3,92.56,13.87,3,0.0,0.0,3,0.0,0.0,3,24.32,2.21,3,0.16,0.04
13054,P,＜牛乳及び乳製品＞ （発酵乳・乳酸菌飲料） ヨーグルト 無脂肪無糖,13054,13,乳類,0,4,2,2,0,4,0,0,4,55.3,12.75,4,3.99,0.3,4,0.18,0.21,4,9.45,3.83,4,0.14,0.04
13056,P,＜牛乳及び乳製品＞ （チーズ類） ナチュラルチーズ モッツァレラ,13056,13,乳類,0,12,2,10,0,12,0,0,12,289.44,41.13,12,22.27,4.31,12,21.62,2.81,12,1.93,1.37,12,1.08,0.7
14001,P,（植物油脂類） オリーブ油,14001,14,油脂類,0,28,9,4,15,28,0,0,21,891.89,22.79,21,0.0,0.0,21,99.18,2.52,21,0.0,0.0,21,0.0,0.0
14002,P,（植物油脂類） ごま油,14002,14,油脂類,0,7,2,5,0,7,0,0,5,900.0,0.0,5,0.0,0.0,5,100.0,0.0,5,0.0,0.0,5,0.0,0.0
14003,P,（植物油脂類） 米ぬか油,14003,14,油脂類,0,3,2,0,1,3,0,0,3,898.67,2.31,3,0.0,0.0,3,99.83,0.29,3,0.0,0.0,3,0.0,0.0
14004,P,（植物油脂類） サフラワー油 ハイオレイック,14004,14,油脂類,0,1,1,0,0,1,0,0,0,,,0,,,0,,,0,,,0,,
14006,P,（植物油脂類） 調合油,14006,14,油脂類,0,12,10,1,1,12,0,0,7,899.43,1.51,7,0.0,0.0,7,99.93,0.19,7,0.0,0.0,6,0.0,0.0
14008,P,（植物油脂類） なたね油,14008,14,油脂類,0,8,3,5,0,8,0,0,5,900.0,0.0,5,0.0,0.0,5,100.0,0.0,5,0.0,0.0,5,0.0,0.0
14013,P,（植物油脂類） やし油,14013,14,油脂類,0,2,0,2,0,2,0,0,2,891.3,0.0,2,0.0,0.0,2,100.0,0.0,2,0.0,0.0,2,0.0,0.0
14017,P,（バター類） 無発酵バター 有塩バター,14017,14,油脂類,0,10,6,4,0,10,0,0,10,744.79,7.78,10,0.55,0.07,10,82.12,0.81,10,0.75,0.33,8,1.37,0.15
14018,P,（バター類） 無発酵バター 食塩不使用バター,14018,14,油脂類,0,1,1,0,0,1,0,0,1,750.0,,1,0.5,,1,82.9,,1,0.8,,1,0.02,
14019,P,（バター類） 発酵バター 有塩バター,14019,14,油脂類,0,2,1,1,0,2,0,0,2,747.5,17.68,2,0.6,0.14,2,82.6,2.12,2,0.45,0.21,2,1.5,0.28
14020,P,（マーガリン類） マーガリン 家庭用 有塩,14020,14,油脂類,0,4,2,2,0,4,0,0,4,752.5,12.58,4,0.42,0.51,4,83.0,1.41,4,1.2,0.54,4,1.25,0.5
14021,P,（マーガリン類） ファットスプレッド,14021,14,油脂類,0,10,2,5,3,10,0,0,10,600.0,104.46,10,0.6,0.84,10,64.6,11.01,10,3.08,5.85,10,1.43,0.79
14023,P,（植物油脂類） あまに油,14023,14,油脂類,0,4,1,3,0,4,0,0,4,893.47,4.35,4,0.0,0.0,4,100.0,0.0,4,0.0,0.0,4,0.0,0.0
14024,P,（植物油脂類） えごま油,14024,14,油脂類,0,3,1,2,0,3,0,0,3,891.3,0.0,3,0.0,0.0,3,100.0,0.0,3,0.0,0.0,3,0.0,0.0
14028,P,（植物油脂類） ぶどう油,14028,14,油脂類,0,2,1,0,1,2,0,0,0,,,0,,,0,,,0,,,0,,
14033,P,（マーガリン類） マーガリン 家庭用 無塩,14033,14,油脂類,0,1,1,0,0,1,0,0,1,754.0,,1,0.3,,1,83.6,,1,0.0,,1,0.0,
15001,P,＜和生菓子・和半生菓子類＞ 甘納豆 あずき,15001,15,菓子類,0,3,3,0,0,3,0,0,3,337.43,28.47,3,7.35,3.44,3,4.22,4.05,3,68.94,6.29,3,0.31,0.27
15005,P,＜和生菓子・和半生菓子類＞ 今川焼 こしあん入り,15005,15,菓子類,0,13,9,4,0,13,0,0,13,263.78,67.41,13,4.93,0.96,13,4.75,3.36,13,50.63,14.79,13,0.52,0.22
15009,P,＜和生菓子・和半生菓子類＞ カステラ,15009,15,菓子類,0,13,6,6,1,13,0,0,13,333.2,28.26,13,6.37,0.66,13,6.76,2.85,13,61.93,9.06,13,0.21,0.12
15019,P,＜和生菓子・和半生菓子類＞ くし団子 みたらし,15019,15,菓子類,0,4,2,0,2,4,0,0,4,231.67,51.67,4,1.81,0.3,4,0.22,0.26,4,55.46,14.09,4,0.45,0.29
15024,P,＜和生菓子・和半生菓子類＞ タルト （和菓子）,15024,15,菓子類,0,4,0,2,2,4,0,0,4,415.08,45.89,4,5.46,1.22,4,15.34,4.47,4,64.56,9.64,4,0.38,0.14
15027,P,＜和生菓子・和半生菓子類＞ どら焼 つぶしあん入り,15027,15,菓子類,0,6,1,5,0,6,0,0,4,288.7,9.27,4,5.56,0.32,4,4.19,1.27,4,58.57,1.82,4,0.26,0.11
15035,P,＜和生菓子・和半生菓子類＞ まんじゅう 中華まんじゅう 肉まん,15035,15,菓子類,0,18,14,2,2,18,0,0,15,239.46,19.8,15,8.16,1.19,15,7.7,2.04,15,34.52,3.4,15,0.97,0.2
15036,P,＜和生菓子・和半生菓子類＞ もなか こしあん入り,15036,15,菓子類,0,4,1,3,0,4,0,0,3,307.31,3.55,3,4.56,0.66,3,0.53,0.0,3,71.93,2.14,3,0.04,0.02
15038,P,＜和生菓子・和半生菓子類＞ ようかん 練りようかん,15038,15,菓子類,0,9,3,5,1,9,0,0,8,229.04,72.29,8,2.61,1.1,8,0.18,0.19,8,54.96,17.64,8,0.1,0.17
15042,P,＜和干菓子類＞ 芋かりんとう,15042,15,菓子類,0,14,9,5,0,14,0,0,14,480.33,45.98,14,1.52,0.3,14,22.35,3.64,14,68.91,4.16,14,0.26,0.51
15043,P,＜和干菓子類＞ おこし,15043,15,菓子類,0,1,1,0,0,1,0,0,1,540.0,,1,18.0,,1,36.0,,1,40.0,,0,,
15045,P,＜和干菓子類＞ かりんとう 黒,15045,15,菓子類,0,13,12,1,0,13,0,0,13,488.07,23.58,13,7.02,1.78,13,20.88,4.25,13,68.08,4.83,13,0.35,0.26
15046,P,＜和干菓子類＞ かりんとう 白,15046,15,菓子類,0,1,1,0,0,1,0,0,1,508.82,,1,7.94,,1,24.12,,1,65.15,,1,0.44,
15051,P,＜和干菓子類＞ 小麦粉せんべい 南部せんべい ごま入り,15051,15,菓子類,0,3,2,1,0,3,0,0,3,449.05,7.17,3,11.97,1.54,3,15.24,0.29,3,66.46,3.24,3,1.89,1.04
15052,P,＜和干菓子類＞ 小麦粉せんべい 南部せんべい 落花生入り,15052,15,菓子類,0,1,1,0,0,1,0,0,1,496.86,,1,18.24,,1,23.27,,1,53.46,,1,1.26,
15057,P,＜和干菓子類＞ 米菓 揚げせんべい,15057,15,菓子類,0,28,11,12,5,21,7,0,28,468.9,86.88,28,3.96,2.37,28,20.33,14.35,28,67.93,12.86,28,2.0,0.91
15058,P,＜和干菓子類＞ 米菓 甘辛せんべい,15058,15,菓子類,0,4,0,4,0,4,0,0,3,526.61,18.87,3,4.15,1.2,3,30.12,2.5,3,60.2,2.23,3,1.78,0.18
15059,P,＜和干菓子類＞ 米菓 あられ,15059,15,菓子類,0,4,0,4,0,4,0,0,4,464.38,105.13,4,9.32,5.6,4,17.94,19.49,4,67.12,20.26,4,0.44,0.52
15060,P,＜和干菓子類＞ 米菓 しょうゆせんべい,15060,15,菓子類,0,21,9,12,0,21,0,0,21,422.79,42.43,21,5.89,3.07,21,9.96,8.39,21,77.87,9.05,21,1.81,0.69
15061,P,＜和干菓子類＞ ボーロ 小粒,15061,15,菓子類,0,10,7,3,0,10,0,0,10,399.08,51.92,10,5.73,5.3,10,6.16,8.77,10,80.5,13.96,10,0.33,0.39
15062,P,＜和干菓子類＞ ボーロ そばボーロ,15062,15,菓子類,0,2,2,0,0,2,0,0,2,398.28,2.44,2,9.28,0.19,2,2.85,0.13,2,83.66,0.18,2,0.44,0.01
15070,P,＜菓子パン類＞ クリームパン,15070,15,菓子類,0,2,2,0,0,2,0,0,2,355.38,60.63,2,6.3,1.25,2,16.52,5.68,2,45.57,0.81,2,0.44,0.04
15072,P,＜菓子パン類＞ チョココロネ,15072,15,菓子類,0,1,1,0,0,1,0,0,1,295.83,,1,7.5,,1,7.92,,1,48.33,,1,0.38,
15074,P,＜ケーキ・ペストリー類＞ スポンジケーキ,15074,15,菓子類,0,27,12,11,4,27,0,0,26,397.25,69.19,26,5.58,1.08,26,20.0,8.37,26,49.01,11.78,26,0.53,0.26
15078,P,＜ケーキ・ペストリー類＞ ドーナッツ ケーキドーナッツ プレーン,15078,15,菓子類,0,23,14,9,0,23,0,0,21,457.59,36.41,21,5.04,1.38,21,26.27,6.06,21,50.93,6.72,21,0.68,0.22
15079,P,＜ケーキ・ペストリー類＞ パイ パイ皮,15079,15,菓子類,0,4,3,0,1,4,0,0,3,505.11,104.81,3,8.09,1.87,3,31.76,6.95,3,47.16,10.56,3,0.3,0.32
15080,P,＜ケーキ・ペストリー類＞ パイ アップルパイ,15080,15,菓子類,0,6,2,3,1,6,0,0,5,422.69,16.92,5,6.13,0.58,5,20.98,2.62,5,52.98,3.03,5,0.61,0.32
15082,P,＜ケーキ・ペストリー類＞ バターケーキ,15082,15,菓子類,0,27,14,13,0,22,5,0,26,425.38,25.73,26,6.22,0.7,26,23.23,4.04,26,48.09,4.14,26,0.39,0.16
15084,P,＜ケーキ・ペストリー類＞ ワッフル カスタードクリーム入り,15084,15,菓子類,0,13,2,2,9,13,0,0,5,450.32,21.78,5,7.97,1.11,5,22.83,2.74,5,53.49,0.8,5,0.31,0.19
15086,P,＜デザート菓子類＞ カスタードプリン,15086,15,菓子類,0,18,8,6,4,18,0,0,17,118.61,42.63,17,2.14,1.7,17,4.8,3.57,17,16.94,3.22,16,0.15,0.07
15087,P,＜デザート菓子類＞ ゼリー オレンジ,15087,15,菓子類,0,82,31,36,15,82,0,0,73,59.61,46.0,73,0.12,0.16,73,0.03,0.19,73,15.14,11.25,73,0.1,0.06
15088,P,＜デザート菓子類＞ ゼリー コーヒー,15088,15,菓子類,0,3,1,1,1,3,0,0,3,39.78,31.69,3,0.2,0.09,3,0.0,0.0,3,9.79,7.75,3,0.02,0.02
15089,P,＜デザート菓子類＞ ゼリー ミルク,15089,15,菓子類,0,8,3,2,3,8,0,0,8,116.85,44.35,8,2.31,1.47,8,5.97,3.16,8,13.42,2.85,8,0.1,0.05
15091,P,＜デザート菓子類＞ ババロア,15091,15,菓子類,0,1,0,0,1,1,0,0,1,250.0,,1,3.7,,1,16.9,,1,20.9,,1,0.2,
15092,P,＜ビスケット類＞ ウエハース,15092,15,菓子類,0,7,2,0,5,7,0,0,4,474.13,8.78,4,5.27,0.33,4,20.87,3.49,4,66.59,9.89,4,0.26,0.13
15093,P,＜ビスケット類＞ クラッカー オイルスプレークラッカー,15093,15,菓子類,0,15,1,2,12,15,0,0,13,510.28,24.45,13,8.2,1.87,13,25.5,4.33,13,62.35,4.39,13,1.18,0.68
15097,P,＜ビスケット類＞ ビスケット ハードビスケット,15097,15,菓子類,0,49,24,14,11,49,0,0,49,475.81,33.19,49,7.92,1.84,49,18.71,6.42,49,69.56,6.58,48,0.74,0.33
15098,P,＜ビスケット類＞ ビスケット ソフトビスケット,15098,15,菓子類,0,47,17,20,10,47,0,0,40,503.08,28.68,40,6.35,1.36,40,24.81,5.1,40,64.7,5.62,40,0.56,0.27
15099,P,＜ビスケット類＞ プレッツェル,15099,15,菓子類,0,1,0,0,1,1,0,0,1,400.0,,1,12.0,,1,6.8,,1,75.5,,1,3.0,
15101,P,＜スナック類＞ 小麦粉あられ,15101,15,菓子類,0,13,0,12,1,13,0,0,13,504.49,45.13,13,10.62,7.77,13,28.18,7.84,13,56.28,11.09,13,2.05,1.4
15102,P,＜スナック類＞ コーンスナック,15102,15,菓子類,0,15,14,0,1,14,1,0,15,501.74,50.88,13,5.3,3.16,14,25.16,10.26,15,66.16,12.08,14,1.64,0.77
15103,P,＜スナック類＞ ポテトチップス ポテトチップス,15103,15,菓子類,0,3,0,2,1,0,3,0,3,543.11,11.28,3,4.83,0.73,3,32.95,2.92,3,58.13,3.31,3,1.45,0.21
15104,P,＜スナック類＞ ポテトチップス 成形ポテトチップス,15104,15,菓子類,0,36,8,24,4,36,0,0,36,546.49,29.19,36,5.32,1.06,36,34.01,5.48,36,56.21,4.66,36,1.34,0.38
15105,P,＜キャンデー類＞ キャラメル,15105,15,菓子類,0,2,0,2,0,2,0,0,2,433.33,0.0,2,1.67,0.0,2,11.67,0.0,2,78.33,0.0,2,1.17,0.71
15106,P,＜キャンデー類＞ ラムネ,15106,15,菓子類,0,5,0,5,0,5,0,0,5,360.17,19.97,5,0.17,0.37,5,0.1,0.22,5,88.1,6.01,5,0.01,0.02
15107,P,＜キャンデー類＞ ゼリーキャンデー,15107,15,菓子類,0,2,1,1,0,2,0,0,2,343.11,29.54,2,6.54,0.19,2,0.1,0.14,2,80.12,8.03,2,0.01,0.01
15110,P,＜キャンデー類＞ ドロップ,15110,15,菓子類,0,23,4,17,2,5,18,0,23,369.54,60.35,23,0.77,3.08,23,1.87,3.96,23,94.55,6.62,23,0.35,0.74
15113,P,＜キャンデー類＞ マシュマロ,15113,15,菓子類,0,7,2,3,2,7,0,0,6,355.31,39.32,6,3.88,0.73,6,2.92,5.35,6,78.08,3.67,6,0.04,0.02
15114,P,＜チョコレート類＞ カバーリングチョコレート,15114,15,菓子類,0,33,0,31,2,33,0,0,32,512.5,32.98,32,17.48,17.08,32,27.51,5.1,32,50.55,17.06,32,0.64,0.7
15116,P,＜チョコレート類＞ ミルクチョコレート,15116,15,菓子類,0,77,38,31,8,77,0,0,72,541.92,55.42,72,8.35,6.21,72,33.43,8.2,72,54.05,9.38,71,0.21,0.3
15118,P,＜チューインガム類＞ 板ガム,15118,15,菓子類,0,8,2,6,0,8,0,0,8,201.25,10.05,8,0.0,0.0,8,0.0,0.0,8,74.61,3.83,8,0.02,0.05
15125,P,＜菓子パン類＞ 揚げパン,15125,15,菓子類,0,1,0,0,1,0,1,0,1,380.0,,1,6.6,,1,21.1,,1,40.8,,1,1.1,
15127,P,＜菓子パン類＞ カレーパン 皮及び具,15127,15,菓子類,0,6,0,6,0,6,0,0,6,310.03,40.21,6,7.9,1.73,6,13.98,4.64,6,38.97,3.6,6,1.3,0.43
15131,P,＜菓子パン類＞ チョコパン 薄皮タイプ,15131,15,菓子類,0,5,0,5,0,5,0,0,4,343.8,48.37,4,6.99,1.2,4,13.71,4.3,4,49.06,3.84,4,0.62,0.23
15132,P,＜菓子パン類＞ メロンパン,15132,15,菓子類,0,4,3,1,0,4,0,0,4,350.3,24.43,4,8.05,0.2,4,13.17,1.79,4,50.03,8.93,4,0.51,0.04
15133,P,＜ケーキ・ペストリー類＞ タルト （洋菓子）,15133,15,菓子類,0,1,0,1,0,1,0,0,1,431.82,,1,6.67,,1,23.03,,1,50.0,,1,0.91,
15134,P,＜ケーキ・ペストリー類＞ チーズケーキ ベイクドチーズケーキ,15134,15,菓子類,0,3,2,0,1,3,0,0,3,306.81,54.18,3,6.67,0.33,3,18.4,3.72,3,28.36,4.78,3,0.72,0.11
15135,P,＜ケーキ・ペストリー類＞ チーズケーキ レアチーズケーキ,15135,15,菓子類,0,4,1,0,3,4,0,0,4,280.14,66.77,4,4.85,2.42,4,19.71,6.95,4,21.06,4.85,4,0.32,0.21
15137,P,＜チョコレート類＞ アーモンドチョコレート,15137,15,菓子類,0,22,6,15,1,22,0,0,18,571.86,29.83,18,10.45,2.63,18,38.05,4.89,18,48.39,6.54,18,0.11,0.07
15140,P,＜その他＞ しるこ つぶしあん,15140,15,菓子類,0,6,5,1,0,6,0,0,6,128.13,41.98,6,3.52,0.69,6,0.19,0.07,6,28.25,10.5,6,0.11,0.05
15146,P,＜和生菓子・和半生菓子類＞ 今川焼 カスタードクリーム入り,15146,15,菓子類,0,1,0,0,1,1,0,0,0,,,0,,,0,,,0,,,0,,
15150,P,＜和生菓子・和半生菓子類＞ 草もち つぶしあん入り,15150,15,菓子類,0,1,1,0,0,1,0,0,1,234.55,,1,4.0,,1,0.36,,1,53.64,,1,0.36,
15155,P,＜和生菓子・和半生菓子類＞ 大福もち つぶしあん入り,15155,15,菓子類,0,14,9,2,3,14,0,0,13,259.32,51.71,13,3.0,1.41,13,1.44,2.4,13,58.33,12.35,13,0.07,0.1
15168,P,＜菓子パン類＞ あんパン つぶしあん入り,15168,15,菓子類,0,7,3,4,0,7,0,0,6,303.9,43.36,6,6.92,1.56,6,7.57,5.5,6,52.71,3.3,6,0.56,0.26
15180,P,＜その他＞ チョコレートクリーム,15180,15,菓子類,0,9,2,5,2,9,0,0,9,431.46,175.82,9,2.63,1.37,9,25.18,18.66,9,48.88,16.63,9,0.14,0.07
15181,P,＜菓子パン類＞ 菓子パン あんなし,15181,15,菓子類,0,13,3,10,0,13,0,0,13,354.29,54.1,13,7.71,1.21,13,15.27,7.75,13,48.56,5.48,13,0.74,0.27
16001,P,＜アルコール飲料類＞ （醸造酒類） 清酒 普通酒,16001,16,し好飲料類,0,13,4,9,0,13,0,0,9,100.67,1.32,9,0.17,0.13,9,0.0,0.0,9,4.82,0.04,9,0.0,0.0
16002,P,＜アルコール飲料類＞ （醸造酒類） 清酒 純米酒,16002,16,し好飲料類,0,8,5,3,0,8,0,0,3,107.0,0.0,3,0.4,0.0,3,0.0,0.0,3,4.7,0.0,3,0.0,0.0
16006,P,＜アルコール飲料類＞ （醸造酒類） ビール 淡色,16006,16,し好飲料類,0,30,2,27,1,30,0,0,27,39.97,4.78,28,0.25,0.12,30,0.0,0.0,3,3.43,0.46,10,0.0,0.0
16009,P,＜アルコール飲料類＞ （醸造酒類） 発泡酒,16009,16,し好飲料類,0,7,5,0,2,0,7,0,7,37.71,8.46,2,0.2,0.14,7,0.0,0.0,5,3.09,0.66,0,,
16010,P,＜アルコール飲料類＞ （醸造酒類） ぶどう酒 白,16010,16,し好飲料類,0,27,9,18,0,27,0,0,7,75.0,3.42,7,0.04,0.05,7,0.0,0.0,5,3.64,0.8,0,,
16011,P,＜アルコール飲料類＞ （醸造酒類） ぶどう酒 赤,16011,16,し好飲料類,0,32,13,18,1,32,0,0,10,81.0,4.47,10,0.08,0.08,10,0.0,0.0,6,4.38,1.94,1,0.0,
16014,P,＜アルコール飲料類＞ （蒸留酒類） しょうちゅう 連続式蒸留しょうちゅう,16014,16,し好飲料類,0,29,10,19,0,29,0,0,23,134.52,23.57,23,0.0,0.0,23,0.0,0.0,23,0.0,0.0,19,0.0,0.0
16015,P,＜アルコール飲料類＞ （蒸留酒類） しょうちゅう 単式蒸留しょうちゅう,16015,16,し好飲料類,0,33,14,19,0,5,28,0,19,130.95,26.89,19,0.0,0.0,19,0.0,0.0,19,0.0,0.0,19,0.0,0.0
16016,P,＜アルコール飲料類＞ （蒸留酒類） ウイスキー,16016,16,し好飲料類,0,9,2,7,0,9,0,0,6,219.67,17.08,6,0.0,0.0,6,0.0,0.0,6,0.12,0.04,6,0.0,0.0
16018,P,＜アルコール飲料類＞ （蒸留酒類） ウオッカ,16018,16,し好飲料類,0,38,0,38,0,38,0,0,38,55.08,1.23,38,0.0,0.0,38,0.0,0.0,38,0.72,0.33,38,0.07,0.04
16019,P,＜アルコール飲料類＞ （蒸留酒類） ジン,16019,16,し好飲料類,0,5,0,5,0,5,0,0,4,30.72,0.83,4,0.0,0.0,4,0.0,0.0,4,0.21,0.12,4,0.02,0.01
16022,P,＜アルコール飲料類＞ （混成酒類） 梅酒,16022,16,し好飲料類,0,7,1,6,0,7,0,0,7,85.48,21.26,7,0.0,0.0,7,0.0,0.0,7,10.17,3.15,7,0.06,0.05
16025,P,＜アルコール飲料類＞ （混成酒類） みりん 本みりん,16025,16,し好飲料類,0,10,5,3,2,10,0,0,7,279.81,7.56,7,0.15,0.2,7,0.0,0.0,6,49.98,0.39,7,0.0,0.0
16035,P,＜茶類＞ （緑茶類） 抹茶 茶,16035,16,し好飲料類,0,1,1,0,0,1,0,0,0,,,0,,,0,,,0,,,0,,
16036,P,＜茶類＞ （緑茶類） せん茶 茶,16036,16,し好飲料類,0,50,45,5,0,50,0,0,6,313.09,62.72,6,1.27,1.69,6,0.0,0.0,6,21.51,31.65,6,0.02,0.03
16037,P,＜茶類＞ （緑茶類） せん茶 浸出液,16037,16,し好飲料類,0,49,8,41,0,49,0,0,49,0.97,0.67,49,0.0,0.0,49,0.0,0.0,49,0.29,0.35,49,0.02,0.01
16040,P,＜茶類＞ （緑茶類） ほうじ茶 浸出液,16040,16,し好飲料類,0,8,2,6,0,8,0,0,8,0.65,0.41,8,0.0,0.0,8,0.0,0.0,8,0.15,0.09,8,0.02,0.0
16041,P,＜茶類＞ （緑茶類） 玄米茶 浸出液,16041,16,し好飲料類,0,1,1,0,0,1,0,0,1,0.0,,1,0.0,,1,0.0,,1,0.0,,1,0.02,
16042,P,＜茶類＞ （発酵茶類） ウーロン茶 浸出液,16042,16,し好飲料類,0,25,3,22,0,25,0,0,25,0.79,0.43,25,0.0,0.0,25,0.0,0.0,25,0.19,0.09,25,0.02,0.0
16043,P,＜茶類＞ （発酵茶類） 紅茶 茶,16043,16,し好飲料類,0,12,7,5,0,12,0,0,5,300.0,35.36,5,0.0,0.0,5,0.0,0.0,5,15.5,2.74,5,0.65,0.6
16044,P,＜茶類＞ （発酵茶類） 紅茶 浸出液,16044,16,し好飲料類,0,7,1,6,0,7,0,0,7,64.48,148.48,7,0.06,0.15,7,0.07,0.19,7,15.67,36.57,7,0.04,0.04
16046,P,＜コーヒー・ココア類＞ コーヒー インスタントコーヒー,16046,16,し好飲料類,0,17,3,7,7,14,3,0,16,349.93,83.85,16,16.17,7.42,16,5.23,6.89,16,65.53,12.33,16,0.63,0.77
16047,P,＜コーヒー・ココア類＞ コーヒー コーヒー飲料 乳成分入り 加糖,16047,16,し好飲料類,0,29,4,25,0,29,0,0,25,16.52,32.12,25,0.38,0.46,25,0.02,0.06,25,3.86,7.98,25,0.07,0.1
16048,P,＜コーヒー・ココア類＞ ココア ピュアココア,16048,16,し好飲料類,0,2,1,1,0,2,0,0,2,417.5,10.61,2,24.0,1.41,2,22.75,0.35,2,42.25,0.35,2,0.89,1.22
16049,P,＜コーヒー・ココア類＞ ココア ミルクココア,16049,16,し好飲料類,0,7,3,3,1,7,0,0,7,366.77,140.14,7,6.47,1.91,7,10.13,8.12,7,65.34,28.07,7,0.75,0.55
16050,P,＜その他＞ 甘酒,16050,16,し好飲料類,0,1,1,0,0,1,0,0,1,81.5,,1,1.5,,1,0.2,,1,18.4,,1,0.1,
16052,P,＜その他＞ （炭酸飲料類） 果実色飲料,16052,16,し好飲料類,0,12,4,5,3,12,0,0,12,37.05,42.37,12,0.0,0.0,12,0.0,0.0,12,8.67,10.98,12,0.06,0.04
16054,P,＜その他＞ （炭酸飲料類） サイダー,16054,16,し好飲料類,0,25,16,9,0,25,0,0,25,30.23,18.54,25,0.0,0.0,25,0.0,0.0,25,7.67,4.47,25,0.04,0.05
16055,P,＜その他＞ 麦茶 浸出液,16055,16,し好飲料類,0,38,6,32,0,38,0,0,38,1.26,0.7,38,0.0,0.0,38,0.0,0.0,38,0.3,0.16,38,0.01,0.01
16056,P,＜その他＞ 青汁 ケール,16056,16,し好飲料類,0,6,6,0,0,6,0,0,6,286.67,23.09,5,17.2,17.27,6,2.72,1.0,6,71.78,16.47,5,0.37,0.44
16057,P,＜その他＞ スポーツドリンク,16057,16,し好飲料類,0,11,3,8,0,11,0,0,11,73.4,151.94,11,0.0,0.0,11,0.0,0.0,11,18.35,37.93,11,0.7,1.32
16058,P,＜その他＞ （炭酸飲料類） ビール風味炭酸飲料,16058,16,し好飲料類,0,12,1,10,1,12,0,0,12,6.27,5.96,12,0.05,0.09,12,0.0,0.0,12,1.56,1.38,11,0.02,0.04
16059,P,＜アルコール飲料類＞ （混成酒類） 缶チューハイ レモン風味,16059,16,し好飲料類,0,60,6,54,0,0,60,0,60,39.64,8.98,60,0.0,0.0,60,0.0,0.0,60,2.51,2.95,60,0.04,0.04
17001,P,＜調味料類＞ （ウスターソース類） ウスターソース,17001,17,調味料及び香辛料類,0,2,1,1,0,2,0,0,0,,,0,,,0,,,0,,,0,,
17002,P,＜調味料類＞ （ウスターソース類） 中濃ソース,17002,17,調味料及び香辛料類,0,3,2,1,0,3,0,0,0,,,0,,,0,,,0,,,0,,
17003,P,＜調味料類＞ （ウスターソース類） 濃厚ソース,17003,17,調味料及び香辛料類,0,12,5,6,1,12,0,0,9,134.82,16.04,9,1.31,1.5,9,0.08,0.17,9,19.74,13.96,9,2.72,2.11
17004,P,＜調味料類＞ （辛味調味料類） トウバンジャン,17004,17,調味料及び香辛料類,0,3,0,0,3,0,3,0,3,71.67,35.95,3,3.77,2.11,3,2.1,1.01,3,9.5,5.09,3,13.17,4.01
17005,P,＜調味料類＞ （辛味調味料類） チリペッパーソース,17005,17,調味料及び香辛料類,0,1,0,0,1,0,1,0,1,65.0,,1,0.8,,1,0.2,,1,14.9,,1,7.1,
17006,P,＜調味料類＞ （辛味調味料類） ラー油,17006,17,調味料及び香辛料類,0,6,0,1,5,6,0,0,6,484.37,209.88,6,2.83,1.51,6,42.06,26.61,6,23.72,18.27,6,3.03,2.93
17007,P,＜調味料類＞ （しょうゆ類） こいくちしょうゆ,17007,17,調味料及び香辛料類,0,24,17,6,1,15,9,0,1,86.67,,1,10.0,,1,0.0,,1,12.0,,1,16.0,
17008,P,＜調味料類＞ （しょうゆ類） うすくちしょうゆ,17008,17,調味料及び香辛料類,0,5,2,1,2,5,0,0,2,83.34,33.0,2,8.66,1.89,2,0.0,0.0,2,12.33,7.07,2,18.0,0.95
17009,P,＜調味料類＞ （しょうゆ類） たまりしょうゆ,17009,17,調味料及び香辛料類,0,2,0,0,2,2,0,0,2,133.33,18.86,2,11.33,2.83,2,0.0,0.0,2,22.0,8.49,2,19.0,4.24
17010,P,＜調味料類＞ （しょうゆ類） さいしこみしょうゆ,17010,17,調味料及び香辛料類,0,2,2,0,0,2,0,0,0,,,0,,,0,,,0,,,0,,
17012,P,＜調味料類＞ （食塩類） 食塩,17012,17,調味料及び香辛料類,0,10,2,7,1,10,0,0,10,2.7,2.75,10,0.0,0.0,10,0.0,0.0,10,0.69,0.65,10,92.59,17.18
17013,P,＜調味料類＞ （食塩類） 並塩,17013,17,調味料及び香辛料類,0,4,0,0,4,0,4,0,4,6.75,13.5,4,1.0,2.0,4,0.0,0.0,4,0.8,1.29,4,94.72,4.59
17015,P,＜調味料類＞ （食酢類） 穀物酢,17015,17,調味料及び香辛料類,0,4,2,2,0,4,0,0,0,,,0,,,0,,,0,,,0,,
17016,P,＜調味料類＞ （食酢類） 米酢,17016,17,調味料及び香辛料類,0,8,7,0,1,8,0,0,1,101.0,,1,0.3,,1,0.0,,1,26.1,,1,4.6,
17018,P,＜調味料類＞ （食酢類） 果実酢 りんご酢,17018,17,調味料及び香辛料類,0,9,2,6,1,9,0,0,1,21.0,,1,0.0,,1,0.0,,1,0.9,,1,0.09,
17027,P,＜調味料類＞ （だし類） 固形ブイヨン,17027,17,調味料及び香辛料類,0,14,7,4,3,14,0,0,12,235.73,48.03,12,11.03,3.22,12,5.25,2.75,12,35.38,14.24,12,46.77,12.65
17028,P,＜調味料類＞ （だし類） 顆粒和風だし,17028,17,調味料及び香辛料類,0,28,12,9,7,28,0,0,28,234.74,58.39,28,19.77,7.64,28,0.64,0.66,28,39.59,12.87,28,37.92,14.21
17029,P,＜調味料類＞ （だし類） めんつゆ ストレート,17029,17,調味料及び香辛料類,0,18,7,9,2,18,0,0,9,79.04,70.45,9,2.96,2.67,9,1.08,1.22,9,14.64,13.98,9,5.38,4.46
17030,P,＜調味料類＞ （だし類） めんつゆ 三倍濃縮,17030,17,調味料及び香辛料類,0,17,6,10,1,16,1,0,8,129.37,47.48,8,4.67,1.62,8,1.82,2.29,8,24.0,9.8,8,10.13,2.66
17031,P,＜調味料類＞ （調味ソース類） オイスターソース,17031,17,調味料及び香辛料類,0,11,4,2,5,11,0,0,11,106.52,13.73,11,2.12,1.16,11,0.09,0.2,11,24.39,3.3,11,10.7,1.56
17032,P,＜調味料類＞ （調味ソース類） マーボー豆腐の素,17032,17,調味料及び香辛料類,0,11,6,3,2,11,0,0,11,162.2,68.07,11,6.27,2.55,11,7.59,2.85,11,17.39,13.21,11,4.91,3.55
17033,P,＜調味料類＞ （調味ソース類） ミートソース,17033,17,調味料及び香辛料類,0,19,10,7,2,19,0,0,19,96.18,23.95,19,3.51,1.23,19,4.68,1.8,19,10.12,3.76,19,1.65,0.37
17036,P,＜調味料類＞ （トマト加工品類） トマトケチャップ,17036,17,調味料及び香辛料類,0,6,2,4,0,6,0,0,6,110.3,7.36,6,0.79,0.69,6,0.0,0.0,6,11.83,11.32,6,1.3,1.37
17037,P,＜調味料類＞ （トマト加工品類） トマトソース,17037,17,調味料及び香辛料類,0,24,2,9,13,24,0,0,24,78.51,37.57,24,1.73,0.74,24,2.88,3.36,24,11.04,5.76,24,1.77,2.13
17038,P,＜調味料類＞ （トマト加工品類） チリソース,17038,17,調味料及び香辛料類,0,5,0,0,5,5,0,0,5,125.6,33.55,5,1.18,0.35,5,0.5,0.47,5,29.06,7.46,5,5.96,2.39
17039,P,＜調味料類＞ （ドレッシング類） 分離液状ドレッシング 和風ドレッシングタイプ調味料 ノンオイルタイプ,17039,17,調味料及び香辛料類,0,8,1,6,1,8,0,0,7,72.62,27.01,7,2.4,0.54,7,0.29,0.52,7,15.01,5.45,7,5.59,0.84
17040,P,＜調味料類＞ （ドレッシング類） 分離液状ドレッシング フレンチドレッシング 分離液状,17040,17,調味料及び香辛料類,0,13,3,7,3,13,0,0,11,251.58,121.82,11,0.67,0.6,11,21.57,14.99,11,13.57,6.33,11,3.75,0.98
17042,P,＜調味料類＞ （ドレッシング類） 半固形状ドレッシング マヨネーズ 全卵型,17042,17,調味料及び香辛料類,0,11,7,4,0,11,0,0,11,617.14,143.95,11,2.08,0.55,11,65.35,17.61,11,5.21,4.07,11,2.06,0.87
17045,P,＜調味料類＞ （みそ類） 米みそ 淡色辛みそ,17045,17,調味料及び香辛料類,0,22,18,4,0,16,6,0,22,200.93,13.16,22,10.02,1.15,22,5.14,1.08,22,28.84,5.75,22,10.7,1.37
17047,P,＜調味料類＞ （みそ類） 麦みそ,17047,17,調味料及び香辛料類,0,1,1,0,0,1,0,0,1,200.0,,1,8.89,,1,4.44,,1,31.67,,1,10.56,
17048,P,＜調味料類＞ （みそ類） 豆みそ,17048,17,調味料及び香辛料類,0,4,1,1,2,4,0,0,4,191.56,37.83,4,13.7,4.37,4,7.52,2.95,4,18.23,2.63,4,10.36,0.79
17049,P,＜調味料類＞ （みそ類） 即席みそ 粉末タイプ,17049,17,調味料及び香辛料類,0,14,14,0,0,14,0,0,14,374.07,44.21,14,23.93,5.22,14,12.1,6.25,14,42.19,8.73,14,17.73,3.92
17050,P,＜調味料類＞ （みそ類） 即席みそ ペーストタイプ,17050,17,調味料及び香辛料類,0,41,22,19,0,4,37,0,36,175.22,97.44,36,11.3,5.18,36,5.99,5.62,36,19.5,8.41,36,10.01,3.15
17051,P,＜調味料類＞ （ルウ類） カレールウ,17051,17,調味料及び香辛料類,0,10,7,1,2,10,0,0,8,484.97,14.33,8,6.03,0.85,8,29.95,2.39,8,47.76,4.5,8,11.32,2.74
17054,P,＜調味料類＞ （その他） みりん風調味料,17054,17,調味料及び香辛料類,0,7,1,4,2,7,0,0,2,206.0,0.0,2,0.0,0.0,2,0.0,0.0,2,36.5,0.0,2,1.6,0.0
17055,P,＜香辛料類＞ オールスパイス 粉,17055,17,調味料及び香辛料類,0,4,0,2,2,4,0,0,4,206.25,132.88,4,7.12,3.38,4,3.88,2.25,4,42.75,27.63,4,37.51,28.7
17058,P,＜香辛料類＞ からし 練り,17058,17,調味料及び香辛料類,0,6,2,2,2,6,0,0,6,307.12,66.12,6,6.28,2.34,6,15.68,5.97,6,35.55,4.76,6,7.15,1.75
17060,P,＜香辛料類＞ からし 粒入りマスタード,17060,17,調味料及び香辛料類,0,8,1,1,6,8,0,0,8,172.92,70.74,8,6.74,2.58,8,10.6,3.98,8,14.7,11.48,8,3.95,1.51
17061,P,＜香辛料類＞ カレー粉,17061,17,調味料及び香辛料類,0,5,1,0,4,5,0,0,4,239.5,151.19,4,4.18,3.92,4,8.4,7.68,4,34.92,19.58,4,8.07,6.33
17063,P,＜香辛料類＞ こしょう 黒 粉,17063,17,調味料及び香辛料類,0,2,0,0,2,0,2,0,2,300.0,70.71,2,5.0,7.07,2,2.5,3.54,2,57.5,10.61,2,0.08,0.11
17065,P,＜香辛料類＞ こしょう 混合 粉,17065,17,調味料及び香辛料類,0,10,2,0,8,10,0,0,10,168.3,153.77,10,6.22,3.06,10,2.61,3.34,10,29.62,27.63,10,56.74,39.62
17067,P,＜香辛料類＞ シナモン 粉,17067,17,調味料及び香辛料類,0,1,0,0,1,1,0,0,1,364.0,,1,3.6,,1,3.6,,1,79.6,,1,0.06,
17069,P,＜香辛料類＞ しょうが おろし,17069,17,調味料及び香辛料類,0,13,3,6,4,13,0,0,12,58.43,27.19,12,0.56,0.41,12,0.88,1.1,12,12.71,5.93,12,3.16,2.12
17073,P,＜香辛料類＞ とうがらし 粉,17073,17,調味料及び香辛料類,0,7,1,1,5,7,0,0,7,400.29,63.39,7,14.56,3.96,7,11.67,3.77,7,63.8,4.1,7,0.01,0.01
17076,P,＜香辛料類＞ にんにく おろし,17076,17,調味料及び香辛料類,0,11,3,3,5,11,0,0,11,111.98,19.21,11,4.22,0.92,11,0.44,0.37,11,24.65,5.57,11,4.68,2.01
17081,P,＜香辛料類＞ わさび 練り,17081,17,調味料及び香辛料類,0,6,2,2,2,6,0,0,6,270.17,39.19,6,2.42,0.99,6,10.33,2.47,6,43.57,3.5,6,8.32,3.14
17086,P,＜調味料類＞ （しょうゆ類） こいくちしょうゆ 減塩,17086,17,調味料及び香辛料類,0,3,1,2,0,0,3,0,0,,,0,,,0,,,0,,,0,,
17087,P,＜調味料類＞ （しょうゆ類） だししょうゆ,17087,17,調味料及び香辛料類,0,5,3,2,0,5,0,0,0,,,0,,,0,,,0,,,0,,
17090,P,＜調味料類＞ （食酢類） 黒酢,17090,17,調味料及び香辛料類,0,4,2,2,0,4,0,0,0,,,0,,,0,,,0,,,0,,
17091,P,＜調味料類＞ （食酢類） 果実酢 バルサミコ酢,17091,17,調味料及び香辛料類,0,2,0,0,2,2,0,0,2,143.0,53.74,2,0.6,0.14,2,0.25,0.35,2,30.75,14.5,2,0.09,0.01
17093,P,＜調味料類＞ （だし類） 顆粒中華だし,17093,17,調味料及び香辛料類,0,10,4,1,5,10,0,0,9,214.88,19.19,9,14.53,6.68,9,1.99,2.08,9,35.39,7.84,9,45.63,2.32
17094,P,＜調味料類＞ （調味ソース類） 甘酢,17094,17,調味料及び香辛料類,0,3,1,1,1,3,0,0,3,144.11,21.17,3,1.23,0.62,3,0.56,0.96,3,34.16,2.87,3,2.52,0.94
17095,P,＜調味料類＞ （調味ソース類） エビチリの素,17095,17,調味料及び香辛料類,0,1,0,0,1,1,0,0,1,132.0,,1,1.2,,1,7.2,,1,13.5,,1,1.7,
17099,P,＜調味料類＞ （調味ソース類） 三杯酢,17099,17,調味料及び香辛料類,0,4,2,2,0,4,0,0,0,,,0,,,0,,,0,,,0,,
17101,P,＜調味料類＞ （調味ソース類） すし酢 ちらし・稲荷用,17101,17,調味料及び香辛料類,0,2,1,1,0,2,0,0,0,,,0,,,0,,,0,,,0,,
17105,P,＜調味料類＞ （調味ソース類） デミグラスソース,17105,17,調味料及び香辛料類,0,4,2,1,1,4,0,0,4,117.18,42.71,4,2.04,1.91,4,5.88,3.05,4,14.05,4.57,4,1.72,0.42
17107,P,＜調味料類＞ （調味ソース類） 魚醤油 ナンプラー,17107,17,調味料及び香辛料類,0,6,0,0,6,6,0,0,6,28.14,13.01,6,5.49,2.97,6,0.0,0.0,6,1.03,0.83,6,23.94,5.23
17109,P,＜調味料類＞ （調味ソース類） ホワイトソース,17109,17,調味料及び香辛料類,0,6,2,1,3,6,0,0,6,100.67,16.69,6,2.32,1.64,6,6.02,1.15,6,9.28,2.98,6,1.53,0.58
17113,P,＜調味料類＞ （調味ソース類） 焼き肉のたれ,17113,17,調味料及び香辛料類,0,32,7,16,9,32,0,0,28,164.87,60.82,28,3.25,1.74,28,1.83,4.8,28,33.98,13.76,28,6.43,1.73
17115,P,＜調味料類＞ （調味ソース類） ゆずこしょう,17115,17,調味料及び香辛料類,0,6,1,1,4,6,0,0,6,103.21,85.94,6,1.89,0.85,6,4.48,8.17,6,13.76,6.99,6,16.98,9.19
17116,P,＜調味料類＞ （ドレッシング類） 分離液状ドレッシング 和風ドレッシング 分離液状,17116,17,調味料及び香辛料類,0,28,13,13,2,28,0,0,24,191.96,62.72,24,2.69,1.13,24,14.05,6.38,24,14.24,3.62,24,4.86,0.82
17117,P,＜調味料類＞ （ドレッシング類） 乳化液状ドレッシング ごまドレッシング,17117,17,調味料及び香辛料類,0,22,11,7,4,22,0,0,21,398.0,132.22,21,3.95,1.29,21,35.67,14.87,21,16.5,3.2,21,3.04,0.74
17118,P,＜調味料類＞ （ドレッシング類） 半固形状ドレッシング マヨネーズタイプ調味料 低カロリータイプ,17118,17,調味料及び香辛料類,0,2,1,1,0,2,0,0,2,338.34,16.5,2,2.76,0.13,2,35.19,0.74,2,2.43,0.61,2,2.76,0.13
17120,P,＜調味料類＞ （みそ類） 米みそ だし入りみそ,17120,17,調味料及び香辛料類,0,9,6,3,0,9,0,0,9,172.54,19.71,9,10.64,0.78,9,5.32,1.04,9,21.04,6.25,9,10.37,1.58
17124,P,＜調味料類＞ （みそ類） 練りみそ,17124,17,調味料及び香辛料類,0,8,0,3,5,8,0,0,8,200.89,70.64,8,5.98,2.69,8,3.0,2.7,8,38.62,12.14,8,6.87,2.24
17125,P,＜調味料類＞ （その他） お茶漬けの素 さけ,17125,17,調味料及び香辛料類,0,1,1,0,0,1,0,0,1,196.08,,1,9.8,,1,0.78,,1,39.22,,1,47.06,
17127,P,＜調味料類＞ （その他） ふりかけ たまご,17127,17,調味料及び香辛料類,0,30,10,16,4,30,0,0,25,320.93,116.84,25,14.75,7.75,25,12.62,9.35,25,40.09,8.73,25,18.05,14.78
17136,P,＜調味料類＞ （その他） キムチの素,17136,17,調味料及び香辛料類,0,4,0,3,1,4,0,0,4,102.6,139.23,4,4.81,6.56,4,3.33,5.15,4,14.48,17.18,4,8.94,14.82
17137,P,＜調味料類＞ （調味ソース類） ぽん酢しょうゆ 市販品,17137,17,調味料及び香辛料類,0,11,9,0,2,11,0,0,3,62.33,15.5,3,2.47,0.78,3,0.0,0.0,3,12.8,4.51,3,5.77,1.63
17138,P,＜調味料類＞ （その他） 料理酒,17138,17,調味料及び香辛料類,0,23,11,9,3,23,0,0,7,85.38,8.34,6,0.28,0.38,7,0.03,0.05,6,3.62,3.57,7,0.86,1.07
17140,P,＜調味料類＞ （だし類） なべつゆ ストレート しょうゆ味,17140,17,調味料及び香辛料類,0,9,5,3,1,8,1,0,9,17.11,10.91,9,0.84,0.37,9,0.43,0.59,9,2.48,1.61,9,1.91,0.45
17141,P,＜調味料類＞ （だし類） めんつゆ 二倍濃縮,17141,17,調味料及び香辛料類,0,9,2,7,0,9,0,0,0,,,0,,,0,,,0,,,0,,
17149,P,＜調味料類＞ （ドレッシング類） 乳化液状ドレッシング フレンチドレッシング 乳化液状,17149,17,調味料及び香辛料類,0,20,10,8,2,20,0,0,18,378.74,110.25,18,1.53,0.82,18,35.71,13.3,18,12.15,6.29,18,3.46,0.58
18001,P,洋風料理 カレー類 ビーフカレー,18001,18,調理済み流通食品類,0,24,10,11,3,24,0,0,24,102.47,44.66,24,3.52,2.37,24,5.33,4.1,24,10.42,0.8,24,1.35,0.33
18002,P,中国料理 点心類 ぎょうざ,18002,18,調理済み流通食品類,0,36,16,9,11,12,24,0,34,206.21,40.27,34,7.23,2.26,34,9.21,4.71,34,22.06,6.93,34,1.8,2.58
18003,P,洋風料理 その他 えびグラタン,18003,18,調理済み流通食品類,0,10,8,2,0,10,0,0,10,113.31,12.97,10,3.94,1.0,10,5.27,1.01,10,12.77,2.15,10,0.93,0.11
18004,P,洋風料理 スープ類 コーンクリームスープ 粉末タイプ,18004,18,調理済み流通食品類,0,10,5,5,0,10,0,0,10,401.93,21.63,10,6.33,2.57,10,11.9,3.6,10,67.96,7.37,10,8.95,4.09
18005,P,洋風料理 スープ類 コーンクリームスープ コーンクリームスープ,18005,18,調理済み流通食品類,0,4,4,0,0,4,0,0,4,87.48,25.36,4,2.68,1.19,4,3.24,1.32,4,11.9,3.9,4,1.1,0.5
18006,P,洋風料理 フライ用冷凍食品 コロッケ クリームコロッケ 冷凍,18006,18,調理済み流通食品類,0,6,4,2,0,6,0,0,6,250.67,60.73,6,5.89,1.39,6,15.31,6.93,6,22.64,2.57,6,0.86,0.09
18007,P,洋風料理 フライ用冷凍食品 コロッケ ポテトコロッケ 冷凍,18007,18,調理済み流通食品類,0,19,15,0,4,19,0,0,11,281.4,47.74,11,4.65,0.95,11,17.38,5.89,11,26.58,3.33,11,0.82,0.29
18009,P,洋風料理 フライ用冷凍食品 えびフライ 冷凍,18009,18,調理済み流通食品類,0,41,27,7,7,41,0,0,41,179.57,73.8,41,10.35,3.16,41,6.7,7.74,41,19.53,4.4,41,1.16,0.32
18010,P,洋風料理 フライ用冷凍食品 白身フライ 冷凍,18010,18,調理済み流通食品類,0,12,6,3,3,12,0,0,12,203.92,80.61,12,12.41,2.72,12,9.67,9.09,12,16.79,4.95,12,1.0,0.35
18011,P,洋風料理 シチュー類 ビーフシチュー,18011,18,調理済み流通食品類,0,3,0,1,2,3,0,0,3,115.0,39.69,3,3.17,0.51,3,7.38,4.51,3,8.49,0.7,3,1.27,0.23
18012,P,中国料理 点心類 しゅうまい,18012,18,調理済み流通食品類,0,17,11,5,1,17,0,0,16,194.68,30.14,17,8.29,1.27,17,10.34,3.95,17,17.0,3.43,17,1.29,0.22
18014,P,洋風料理 その他 えびピラフ,18014,18,調理済み流通食品類,0,15,11,4,0,15,0,0,15,157.96,7.27,15,3.61,0.66,15,2.6,0.69,15,30.13,0.9,15,1.11,0.18
18015,P,洋風料理 素揚げ類 ミートボール,18015,18,調理済み流通食品類,0,24,16,8,0,24,0,0,23,175.37,27.1,23,9.19,2.55,23,9.26,3.3,23,13.9,3.22,23,1.46,0.41
18016,P,洋風料理 フライ用冷凍食品 メンチカツ 冷凍,18016,18,調理済み流通食品類,0,9,7,0,2,9,0,0,7,316.15,31.89,7,9.46,1.88,7,21.56,2.98,7,21.17,3.6,7,1.24,0.25
18019,P,洋風料理 フライ類 いかフライ,18019,18,調理済み流通食品類,0,15,1,3,11,14,1,0,15,181.42,75.63,15,10.64,2.62,15,4.95,4.58,15,23.19,9.88,15,1.34,0.71
18021,P,洋風料理 フライ類 白身フライ,18021,18,調理済み流通食品類,0,5,1,1,3,5,0,0,5,140.94,6.95,5,9.71,2.94,5,2.71,0.94,5,19.29,1.77,5,1.09,0.51
18022,P,洋風料理 フライ類 メンチカツ,18022,18,調理済み流通食品類,0,1,1,0,0,1,0,0,1,238.0,,1,9.4,,1,13.8,,1,18.8,,1,2.2,
18023,P,和風料理 その他 松前漬け しょうゆ漬,18023,18,調理済み流通食品類,0,2,1,1,0,2,0,0,2,93.2,34.37,2,7.7,3.97,2,0.86,0.91,2,14.1,2.34,2,2.82,0.1
18024,P,和風料理 和え物類 青菜の白和え,18024,18,調理済み流通食品類,0,6,5,1,0,6,0,0,6,123.22,16.48,6,6.79,1.45,6,6.18,1.47,6,10.3,1.48,6,1.12,0.34
18025,P,和風料理 和え物類 いんげんのごま和え,18025,18,調理済み流通食品類,0,3,0,2,1,3,0,0,3,357.63,243.92,3,11.04,7.94,3,20.14,17.39,3,35.9,14.09,3,5.32,3.05
18029,P,和風料理 煮物類 卯の花いり,18029,18,調理済み流通食品類,0,3,1,1,1,3,0,0,3,92.67,30.66,3,4.67,2.71,3,3.78,1.03,3,10.87,5.08,3,1.06,0.16
18030,P,和風料理 煮物類 親子丼の具,18030,18,調理済み流通食品類,0,6,5,1,0,3,3,0,6,113.81,43.4,6,7.48,0.63,6,4.43,3.78,6,11.03,2.5,6,1.62,0.42
18031,P,和風料理 煮物類 牛飯の具,18031,18,調理済み流通食品類,0,8,4,3,1,8,0,0,8,175.48,29.78,8,6.9,1.39,8,12.44,2.91,8,8.88,1.91,8,1.5,0.26
18032,P,和風料理 煮物類 切り干し大根の煮物,18032,18,調理済み流通食品類,0,3,1,1,1,3,0,0,3,70.15,22.19,3,2.73,0.87,3,1.41,0.93,3,12.64,3.06,3,1.39,0.2
18033,P,和風料理 煮物類 きんぴらごぼう,18033,18,調理済み流通食品類,0,4,1,3,0,4,0,0,4,105.12,52.02,4,2.84,2.03,4,2.7,3.1,4,18.76,6.79,4,1.32,0.86
18034,P,和風料理 煮物類 ぜんまいのいため煮,18034,18,調理済み流通食品類,0,1,1,0,0,1,0,0,1,88.68,,1,6.23,,1,3.58,,1,9.25,,1,1.32,
18035,P,和風料理 煮物類 筑前煮,18035,18,調理済み流通食品類,0,3,0,3,0,3,0,0,3,72.04,37.79,3,3.18,1.76,3,0.83,0.91,3,14.04,11.25,3,0.62,0.28
18036,P,和風料理 煮物類 肉じゃが,18036,18,調理済み流通食品類,0,3,0,3,0,3,0,0,3,115.0,42.3,3,3.57,0.55,3,2.53,2.41,3,19.93,14.1,3,4.03,5.34
18037,P,和風料理 煮物類 ひじきのいため煮,18037,18,調理済み流通食品類,0,8,4,3,1,8,0,0,8,92.17,27.84,8,4.87,1.39,8,2.27,2.54,8,14.84,3.53,8,1.4,0.4
18038,P,和風料理 その他 アジの南蛮漬け,18038,18,調理済み流通食品類,0,15,12,3,0,15,0,0,15,178.12,46.14,15,10.53,3.66,15,9.13,3.91,15,13.34,4.9,15,1.61,0.27
18039,P,韓国料理 和え物類 もやしのナムル,18039,18,調理済み流通食品類,0,3,1,1,1,3,0,0,3,149.78,160.48,3,6.58,7.59,3,5.69,4.89,3,18.92,24.03,3,9.73,14.1
18040,P,洋風料理 カレー類 チキンカレー,18040,18,調理済み流通食品類,0,34,3,14,17,34,0,0,32,126.19,102.51,32,3.85,2.8,32,6.86,6.92,32,12.55,10.76,32,2.53,3.2
18042,P,洋風料理 スープ類 かぼちゃのクリームスープ,18042,18,調理済み流通食品類,0,2,1,1,0,2,0,0,2,87.14,50.16,2,1.85,1.07,2,3.76,3.04,2,11.65,6.58,2,0.94,0.16
18046,P,中国料理 点心類 中華ちまき,18046,18,調理済み流通食品類,0,2,1,0,1,2,0,0,1,253.75,,1,7.12,,1,10.0,,1,33.75,,1,1.12,
18047,P,中国料理 菜類 酢豚,18047,18,調理済み流通食品類,0,2,2,0,0,2,0,0,2,211.58,13.68,2,7.05,2.63,2,9.65,0.08,2,24.1,1.01,2,1.49,0.01
18050,P,洋風料理 ハンバーグステーキ類 合いびきハンバーグ,18050,18,調理済み流通食品類,0,49,28,18,3,49,0,0,49,203.03,39.09,49,10.02,2.97,49,12.17,4.84,49,11.49,8.67,49,1.4,1.29
18052,P,洋風料理 ハンバーグステーキ類 豆腐ハンバーグ,18052,18,調理済み流通食品類,0,2,2,0,0,2,0,0,2,178.75,0.0,2,11.25,0.0,2,11.5,0.0,2,7.5,0.0,2,1.12,0.0
いかオクラ（味付け）,Q,いかオクラ（味付け）,,,,0,2,0,0,2,0,0,2,2,60.0,0.0,2,3.0,0.14,2,0.15,0.07,2,11.65,0.35,2,1.85,0.07
いか・カツ風味お菓子,Q,いか・カツ風味お菓子,,,,0,7,0,7,0,0,0,7,7,450.97,127.63,7,9.23,3.99,7,23.67,10.63,7,52.45,3.06,7,5.3,4.86
うどん類（調理済み）,Q,うどん類（調理済み）,,,,0,26,23,2,1,0,0,26,26,131.87,22.25,26,4.03,0.84,26,2.46,1.54,26,23.47,3.78,26,1.78,0.34
うま味調味料,Q,うま味調味料,,,,0,2,0,0,2,0,0,2,2,250.0,0.0,2,48.75,1.77,2,0.0,0.0,2,13.75,1.77,2,30.0,0.0
おかずセット,Q,おかずセット,,,,1,6,2,4,0,0,0,6,3,80.22,33.4,3,3.65,1.18,3,2.67,2.06,3,10.72,4.08,3,1.96,0.94
おせち惣菜,Q,おせち惣菜,,,,1,10,5,0,5,0,0,10,10,155.82,76.09,10,8.05,6.71,10,4.83,3.92,10,20.08,14.23,10,1.3,0.91
おつまみラスク,Q,おつまみラスク,,,,0,4,0,2,2,0,0,4,2,402.14,5.05,2,11.28,0.21,2,8.86,0.4,2,71.22,0.11,2,2.5,0.1
おでん,Q,おでん,,,,0,27,19,8,0,0,0,27,27,98.43,69.82,27,5.97,4.25,27,4.08,3.76,27,9.55,6.86,27,1.97,1.39
ごま団子・湯圓,Q,ごま団子・湯圓,,,,0,3,0,0,3,0,0,3,3,305.33,38.42,3,4.77,0.57,3,11.93,5.31,3,44.7,1.91,3,0.01,0.02
しょうがのオイル漬け,Q,しょうがのオイル漬け,,,,0,2,0,0,2,0,0,2,2,239.0,0.0,2,1.1,0.0,2,22.5,0.0,2,8.0,0.0,2,3.0,0.0
その他乾物,Q,その他乾物,,,,1,24,2,6,16,0,0,24,19,380.8,123.75,19,11.32,9.19,19,11.81,16.75,19,60.06,16.45,19,5.15,8.28
その他茶,Q,その他茶,,,,1,73,36,37,0,0,0,73,46,48.3,115.38,46,0.0,0.0,46,0.0,0.0,46,1.1,2.98,46,0.02,0.03
その他調味料,Q,その他調味料,,,,1,17,11,5,1,0,0,17,12,262.76,211.43,12,6.55,6.48,12,13.91,19.19,12,28.11,18.45,12,30.62,35.7
だしパック,Q,だしパック,,,,0,10,8,2,0,0,0,10,10,362.14,29.04,10,54.33,27.83,10,7.32,3.34,10,5.17,2.75,10,3.28,2.25
ちらし寿司の素,Q,ちらし寿司の素,,,,0,5,4,1,0,0,0,5,4,125.24,9.0,4,2.23,0.54,4,1.06,0.46,4,26.75,1.1,4,4.74,0.47
とうもろこし茶,Q,とうもろこし茶,,,,0,3,0,2,1,0,0,3,3,132.43,227.4,3,2.8,4.85,3,1.23,2.14,3,27.53,47.17,3,0.01,0.01
どんぶりの素,Q,どんぶりの素,,,,0,10,9,1,0,0,0,10,10,134.35,160.93,10,7.81,10.94,10,5.85,7.53,10,12.81,13.37,10,3.41,4.14
ねり梅,Q,ねり梅,,,,0,2,0,0,2,0,0,2,2,21.46,0.76,2,0.48,0.02,2,0.44,0.05,2,6.24,0.06,2,22.8,0.01
のり天系スナック菓子,Q,のり天系スナック菓子,,,,0,4,0,4,0,0,0,4,4,582.19,4.97,4,7.03,2.02,4,42.86,1.17,4,43.98,1.55,4,3.36,0.4
わらび餅・葛菓子,Q,わらび餅・葛菓子,,,,0,4,0,4,0,0,0,4,2,96.28,0.47,2,0.07,0.0,2,0.0,0.0,2,24.19,0.1,2,0.17,0.04
アイススラリー飲料,Q,アイススラリー飲料,,,,0,3,0,3,0,0,0,3,3,103.0,0.0,3,0.0,0.0,3,0.0,0.0,3,25.8,0.0,3,0.1,0.0
アクアパッツァ,Q,アクアパッツァ,,,,0,4,0,4,0,0,0,4,4,79.5,6.35,4,9.45,1.21,4,3.15,0.29,4,3.75,1.21,4,1.1,0.23
アメリカンドッグ・ワッフルドッグ,Q,アメリカンドッグ・ワッフルドッグ,,,,0,5,4,1,0,0,0,5,5,323.71,41.74,5,7.58,1.0,5,16.84,4.67,5,35.52,0.74,5,0.62,0.38
アーモンド小魚,Q,アーモンド小魚,,,,0,4,0,3,1,0,0,4,3,533.0,38.3,3,34.48,3.64,3,35.93,6.57,3,20.72,4.82,3,1.39,0.35
エスニック系辛味ソース,Q,エスニック系辛味ソース,,,,0,6,0,0,6,0,0,6,6,181.08,46.03,6,1.24,1.82,6,1.94,4.59,6,40.0,6.84,6,2.72,1.88
エスニック調味ペースト,Q,エスニック調味ペースト,,,,0,5,0,0,5,0,0,5,4,203.5,76.79,4,3.48,2.62,4,9.62,5.96,4,25.75,8.57,4,11.22,2.8
エッグタルト,Q,エッグタルト,,,,0,2,0,0,2,0,0,2,2,328.5,4.95,2,4.85,0.92,2,15.85,2.19,2,42.1,7.07,2,0.55,0.21
オーツミルク,Q,オーツミルク,,,,0,2,0,2,0,0,0,2,0,,,0,,,0,,,0,,,0,,
カット野菜ミックス,Q,カット野菜ミックス,,,,0,107,26,75,6,0,0,107,101,34.9,39.19,101,1.73,1.45,101,0.29,0.55,101,7.21,8.18,101,0.5,3.55
カレー・シチュー用下ゆで野菜,Q,カレー・シチュー用下ゆで野菜,,,,0,7,0,6,1,0,0,7,6,39.81,4.76,6,0.98,0.1,6,0.06,0.05,6,9.7,1.04,6,0.12,0.22
クリーム大福,Q,クリーム大福,,,,0,2,0,0,2,0,0,2,2,229.5,23.33,2,1.7,0.0,2,5.45,4.88,2,43.35,4.6,2,0.25,0.21
クルトン,Q,クルトン,,,,0,4,0,3,1,0,0,4,4,429.0,29.05,4,13.0,0.82,4,11.98,4.81,4,69.97,5.05,4,1.75,0.5
クレープ生地,Q,クレープ生地,,,,0,2,0,0,2,0,0,2,0,,,0,,,0,,,0,,,0,,
グラノーラ,Q,グラノーラ,,,,0,12,3,3,6,0,0,12,8,421.12,27.37,8,8.28,0.8,8,12.11,4.74,8,73.43,4.99,6,0.47,0.36
ココナッツ菓子,Q,ココナッツ菓子,,,,0,6,0,0,6,0,0,6,3,449.0,3.61,3,1.63,0.06,3,12.73,0.5,3,82.0,0.72,3,0.7,0.0
サラダチキン,Q,サラダチキン,,,,0,15,3,8,4,0,0,15,15,117.75,29.61,15,20.84,3.0,13,2.78,2.94,15,2.79,4.42,13,1.44,0.27
サラダ惣菜,Q,サラダ惣菜,,,,0,38,8,19,11,0,0,38,38,158.4,33.21,38,3.27,2.65,38,9.91,4.58,38,15.0,3.86,38,1.23,0.38
シチュールウ,Q,シチュールウ,,,,0,5,3,2,0,0,0,5,4,472.14,53.97,4,6.78,0.74,4,24.75,9.36,4,55.61,8.25,4,10.28,1.21
ショコラケーキ,Q,ショコラケーキ,,,,0,4,2,0,2,0,0,4,4,332.5,57.0,4,6.1,1.29,4,19.7,7.42,4,31.65,5.16,4,0.28,0.15
シリアルバー,Q,シリアルバー,,,,0,4,0,0,4,0,0,4,0,,,0,,,0,,,0,,,0,,
シロップ,Q,シロップ,,,,0,7,0,4,3,0,0,7,7,200.83,137.49,7,0.44,1.0,7,0.04,0.05,7,64.32,29.37,7,0.02,0.04
シーズニングパウダー,Q,シーズニングパウダー,,,,0,2,0,0,2,0,0,2,2,209.0,9.9,2,5.35,0.92,2,1.3,0.28,2,43.95,2.76,2,46.95,2.05
シーフードミックス,Q,シーフードミックス,,,,0,9,6,3,0,0,0,9,9,52.22,13.96,9,11.07,1.62,9,0.49,0.27,9,0.91,2.19,9,1.13,0.47
ジャム（八訂に該当果実なし）,Q,ジャム（八訂に該当果実なし）,,,,0,2,0,0,2,0,0,2,2,186.5,9.19,2,0.5,0.0,2,0.5,0.0,2,44.65,0.49,2,0.04,0.01
スパイスブレンドソルト,Q,スパイスブレンドソルト,,,,0,2,0,2,0,0,0,2,2,200.0,0.0,2,5.71,0.0,2,5.71,0.0,2,34.29,0.0,2,54.29,0.0
スプレッド類,Q,スプレッド類,,,,0,13,7,4,2,0,0,13,13,445.69,214.76,13,2.5,2.77,13,28.99,26.81,13,43.45,19.16,13,0.66,1.91
スープ（即席・レトルト）,Q,スープ（即席・レトルト）,,,,0,85,33,38,14,0,0,85,83,261.79,133.4,83,11.57,9.3,83,8.44,6.33,83,35.63,25.83,83,12.66,9.65
セット・詰め合わせ,Q,セット・詰め合わせ,,,,1,53,53,0,0,0,0,53,49,138.76,60.41,49,7.01,3.35,49,4.13,3.61,49,18.65,15.63,49,1.32,0.85
ゼリー飲料,Q,ゼリー飲料,,,,0,45,4,33,8,0,0,45,42,71.61,28.51,42,0.46,1.78,42,0.04,0.13,42,17.51,7.45,42,0.19,0.17
チキンカツ,Q,チキンカツ,,,,0,4,0,0,4,0,0,4,4,170.25,15.35,4,14.95,0.31,4,6.6,2.45,4,11.88,2.25,4,0.6,0.14
チャーハン,Q,チャーハン,,,,0,14,7,4,3,0,0,14,12,218.57,53.91,12,4.84,1.68,12,4.77,2.22,12,39.35,15.85,12,6.33,9.48
チュロス,Q,チュロス,,,,0,3,0,0,3,0,0,3,3,275.67,92.38,3,5.0,1.04,3,10.5,7.62,3,40.3,4.68,3,1.33,0.81
チーズ入り揚げ物スティック,Q,チーズ入り揚げ物スティック,,,,0,3,0,0,3,0,0,3,2,194.0,1.41,2,5.7,4.67,2,8.45,0.49,2,22.9,6.93,2,1.1,0.42
チーズ鱈・チーズサンドおつまみ,Q,チーズ鱈・チーズサンドおつまみ,,,,0,7,0,7,0,0,0,7,7,336.29,11.64,7,19.79,2.56,7,24.03,1.3,7,10.59,6.48,7,3.27,0.35
デーツバー,Q,デーツバー,,,,0,2,0,0,2,0,0,2,1,312.5,,1,5.5,,1,2.75,,1,70.75,,1,0.01,
トッポッキ,Q,トッポッキ,,,,0,2,0,0,2,0,0,2,2,213.0,15.56,2,3.8,0.0,2,1.85,0.64,2,45.5,5.66,2,1.2,0.42
トルティーヤ・ピタパン,Q,トルティーヤ・ピタパン,,,,0,8,0,4,4,0,0,8,4,316.73,23.29,4,9.58,1.17,4,8.75,3.2,4,50.96,2.29,4,1.43,0.4
ドライフルーツ（その他・ミックス）,Q,ドライフルーツ（その他・ミックス）,,,,1,34,12,18,4,0,0,34,33,362.83,89.31,33,4.56,5.22,33,7.58,12.19,33,71.7,14.66,31,0.18,0.23
ドリア,Q,ドリア,,,,0,8,5,3,0,0,0,8,8,141.91,26.36,8,3.83,1.43,8,4.92,0.61,8,20.78,5.33,8,0.98,0.09
ドリアソース,Q,ドリアソース,,,,0,10,7,0,3,0,0,10,10,93.79,21.09,10,2.61,1.15,10,5.19,2.34,10,9.08,0.83,10,1.27,0.29
ノンアルコールカクテルテイスト飲料,Q,ノンアルコールカクテルテイスト飲料,,,,0,5,0,4,1,0,0,5,5,10.91,15.15,5,0.04,0.09,5,0.0,0.0,5,2.62,3.51,5,0.08,0.04
ハヤシ,Q,ハヤシ,,,,0,4,2,1,1,0,0,4,4,95.83,28.26,4,2.93,0.97,4,5.03,2.23,4,10.04,1.4,4,1.52,0.29
ハーブソルト,Q,ハーブソルト,,,,0,3,0,0,3,0,0,3,3,216.67,76.38,3,6.67,2.89,3,5.5,4.27,3,41.67,12.58,3,50.0,18.03
バジルシードドリンク,Q,バジルシードドリンク,,,,0,2,0,0,2,0,0,2,2,24.0,0.0,2,0.0,0.0,2,0.0,0.0,2,6.0,0.0,2,0.02,0.0
パウンドケーキ,Q,パウンドケーキ,,,,0,2,0,0,2,0,0,2,2,386.0,16.97,2,5.35,1.06,2,21.75,1.77,2,43.1,0.57,2,0.5,0.0
パスタサラダ,Q,パスタサラダ,,,,0,2,0,0,2,0,0,2,2,124.0,43.84,2,3.45,0.35,2,4.45,3.89,2,17.85,2.62,2,1.15,0.07
パスタソース,Q,パスタソース,,,,0,48,17,18,13,0,0,48,48,205.77,193.11,48,4.14,3.61,48,15.29,18.73,48,13.3,12.82,48,3.61,4.18
パリパリサラダ用中華めん,Q,パリパリサラダ用中華めん,,,,0,2,0,2,0,0,0,2,2,522.49,2.4,2,9.29,0.03,2,31.57,0.11,2,51.25,0.23,2,5.1,0.36
ビビンバ,Q,ビビンバ,,,,0,5,3,0,2,0,0,5,5,110.83,38.8,5,3.64,0.34,5,3.44,0.6,5,16.31,10.93,5,1.61,0.73
ビビン麺,Q,ビビン麺,,,,0,2,0,0,2,0,0,2,2,243.86,7.02,2,6.74,0.95,2,1.25,0.19,2,51.78,0.71,2,1.58,0.99
ピザ,Q,ピザ,,,,0,22,13,7,2,0,0,22,22,254.77,33.56,22,10.69,1.4,22,9.21,3.49,22,32.67,2.93,22,1.37,0.24
ファッジ,Q,ファッジ,,,,0,2,0,0,2,0,0,2,2,388.0,9.9,2,4.3,0.71,2,6.1,2.69,2,79.0,4.24,2,0.7,0.71
フィッシュフライ&ポテトスナック,Q,フィッシュフライ&ポテトスナック,,,,0,4,0,2,2,0,0,4,4,362.39,213.97,4,5.04,2.71,4,21.43,15.7,4,38.42,17.08,4,1.36,0.88
フローズンヨーグルト,Q,フローズンヨーグルト,,,,0,3,2,1,0,0,0,3,0,,,0,,,0,,,0,,,0,,
プロテインバー,Q,プロテインバー,,,,0,2,0,2,0,0,0,2,2,483.33,0.0,2,41.67,0.0,2,23.33,0.0,2,29.0,0.0,2,1.17,0.0
ベビーフード,Q,ベビーフード,,,,0,14,9,5,0,0,0,14,14,54.65,43.88,14,3.55,3.38,14,1.41,2.31,14,7.12,4.56,14,0.22,0.22
ホットク,Q,ホットク,,,,0,4,0,0,4,0,0,4,0,,,0,,,0,,,0,,,0,,
ミックスジュース,Q,ミックスジュース,,,,0,40,32,7,1,0,0,40,39,42.74,11.55,39,0.32,0.38,39,0.04,0.09,39,10.5,2.76,32,0.04,0.04
ミックスナッツ,Q,ミックスナッツ,,,,0,49,20,28,1,0,0,49,48,638.0,41.86,48,19.88,4.34,48,54.08,8.31,48,20.98,5.35,46,0.26,0.45
ミックスビーンズ,Q,ミックスビーンズ,,,,0,9,6,2,1,0,0,9,9,150.4,16.99,9,10.29,2.56,9,2.16,1.18,9,26.49,3.17,9,0.49,0.28
ミルクボール菓子,Q,ミルクボール菓子,,,,0,2,0,0,2,0,0,2,2,546.88,0.0,2,18.12,0.45,2,33.44,0.45,2,43.9,1.11,2,0.62,0.0
モンブラン,Q,モンブラン,,,,0,2,1,0,1,0,0,2,2,266.34,0.47,2,3.96,1.22,2,13.16,4.72,2,32.94,9.52,2,0.09,0.01
ライスバーガー,Q,ライスバーガー,,,,0,6,6,0,0,0,0,6,6,188.54,2.97,6,4.61,0.36,6,4.56,0.15,6,32.24,0.96,6,0.96,0.25
レギュラーコーヒー（粉）,Q,レギュラーコーヒー（粉）,,,,0,62,30,32,0,0,0,62,32,337.32,12.03,32,2.98,1.45,32,0.0,0.0,32,8.65,1.92,32,0.08,0.11
ワンプレート食事,Q,ワンプレート食事,,,,1,20,18,2,0,0,0,20,20,141.7,19.28,20,5.12,3.35,20,4.8,2.46,20,19.6,6.15,20,0.96,0.39
中国黒酢,Q,中国黒酢,,,,0,2,0,0,2,0,0,2,2,54.5,16.26,2,4.6,0.71,2,0.0,0.0,2,3.85,3.32,2,1.25,0.35
中華合わせ調味料,Q,中華合わせ調味料,,,,0,28,9,12,7,0,0,28,27,194.84,164.01,27,5.01,3.5,27,10.97,17.67,27,21.98,11.14,27,5.2,2.57
中華惣菜（えびチリ等）,Q,中華惣菜（えびチリ等）,,,,0,17,5,5,7,0,0,17,11,179.97,62.91,11,7.14,3.32,11,9.88,4.9,11,15.57,13.21,11,2.14,1.66
中華揚げ菓子（沙琪瑪）,Q,中華揚げ菓子（沙琪瑪）,,,,0,2,0,0,2,0,0,2,2,479.0,36.77,2,5.95,0.64,2,23.7,6.93,2,60.45,6.86,2,0.4,0.14
中華蒸しパン（具なし）,Q,中華蒸しパン（具なし）,,,,0,2,0,0,2,0,0,2,0,,,0,,,0,,,0,,,0,,
中華薬味ソース,Q,中華薬味ソース,,,,0,3,0,0,3,0,0,3,3,432.33,116.86,3,1.77,1.1,3,43.87,14.36,3,7.63,2.42,3,3.9,0.62
乾燥野菜,Q,乾燥野菜,,,,0,22,8,10,4,0,0,22,22,313.26,50.92,22,13.67,8.93,22,1.57,1.55,22,74.63,12.19,22,0.26,0.49
低糖質スティックパン,Q,低糖質スティックパン,,,,0,2,0,2,0,0,0,2,2,296.67,14.14,2,5.5,0.24,2,10.66,0.94,2,55.83,2.12,2,1.16,0.23
冷凍アヒージョ,Q,冷凍アヒージョ,,,,0,3,0,3,0,0,0,3,3,86.33,31.75,3,5.17,0.12,3,4.2,3.98,3,7.67,1.1,3,1.23,0.23
冷凍パプリカ,Q,冷凍パプリカ,,,,0,3,0,2,1,0,0,3,2,25.5,0.71,2,0.9,0.0,2,0.25,0.07,2,6.05,0.35,2,0.01,0.01
冷凍フルーツ（カット・ミックス）,Q,冷凍フルーツ（カット・ミックス）,,,,0,5,0,0,5,0,0,5,5,56.2,18.13,5,0.94,0.38,5,1.1,1.96,5,11.42,3.18,5,0.0,0.01
冷凍ボイルムール貝,Q,冷凍ボイルムール貝,,,,0,8,0,7,1,0,0,8,6,85.33,29.11,6,7.28,1.79,6,4.47,3.06,6,4.17,2.16,6,1.22,0.22
冷凍骨取り赤魚切身,Q,冷凍骨取り赤魚切身,,,,0,4,0,2,2,0,0,4,4,103.5,14.18,4,17.0,0.36,4,3.6,1.89,4,0.35,0.29,4,0.42,0.21
即席フォー,Q,即席フォー,,,,0,2,0,0,2,0,0,2,2,332.5,1.17,2,6.08,0.12,2,4.58,0.12,2,71.58,0.35,2,7.0,0.24
味付けがゆ（具入り）,Q,味付けがゆ（具入り）,,,,0,2,0,0,2,0,0,2,2,42.33,4.24,2,0.96,0.33,2,0.34,0.33,2,8.45,0.07,2,0.45,0.17
味付けごはん類,Q,味付けごはん類,,,,0,25,16,9,0,0,0,25,25,155.23,10.13,25,4.36,0.89,25,3.44,1.46,25,26.88,5.21,25,1.07,0.16
味付け肉,Q,味付け肉,,,,0,21,13,8,0,0,0,21,21,228.79,32.56,21,14.15,2.1,21,15.34,4.73,21,8.51,4.46,21,1.83,0.73
味付け豚肉（調理用）,Q,味付け豚肉（調理用）,,,,0,2,0,0,2,0,0,2,2,183.5,16.26,2,10.8,0.71,2,9.95,0.21,2,11.35,1.77,2,2.1,0.71
和惣菜（その他）,Q,和惣菜（その他）,,,,1,32,4,1,27,0,0,32,30,157.68,76.15,30,6.29,4.79,30,5.44,5.63,30,20.96,13.82,30,1.3,1.06
天ぷら・かき揚げ,Q,天ぷら・かき揚げ,,,,0,15,8,1,6,0,0,15,13,249.45,133.95,13,6.54,3.3,13,14.46,12.91,13,23.27,5.96,13,1.05,0.47
希釈用飲料（酢・しょうが）,Q,希釈用飲料（酢・しょうが）,,,,0,3,0,0,3,0,0,3,3,145.67,104.84,3,0.13,0.06,3,0.07,0.06,3,37.6,28.33,3,0.02,0.02
干物（その他）,Q,干物（その他）,,,,1,4,4,0,0,0,0,4,4,113.0,6.0,4,17.58,0.45,4,4.55,0.5,4,0.4,0.8,4,1.6,0.2
揚げ出し豆腐,Q,揚げ出し豆腐,,,,0,4,3,0,1,0,0,4,4,116.72,14.02,4,5.53,0.28,4,6.56,2.81,4,9.13,3.67,4,0.23,0.29
料理の素（混ぜご飯・炒め物）,Q,料理の素（混ぜご飯・炒め物）,,,,0,2,0,0,2,0,0,2,2,299.18,173.69,2,7.43,5.48,2,15.24,19.88,2,33.96,6.74,2,6.12,2.37
昆布巻,Q,昆布巻,,,,0,7,6,1,0,0,0,7,7,173.67,20.36,7,5.73,3.0,7,2.45,1.98,7,32.94,10.09,7,2.21,0.81
春巻,Q,春巻,,,,0,9,3,0,6,0,0,9,9,190.46,62.0,9,7.69,3.71,9,6.7,5.14,9,24.81,5.95,9,1.19,0.36
有機フルーツスプレッド,Q,有機フルーツスプレッド,,,,0,2,0,2,0,0,0,2,2,172.5,3.54,2,0.5,0.0,2,0.25,0.35,2,43.25,0.35,2,0.04,0.0
有機葉物野菜,Q,有機葉物野菜,,,,0,4,0,4,0,0,0,4,0,,,0,,,0,,,0,,,0,,
果実ミックス,Q,果実ミックス,,,,0,18,14,3,1,0,0,18,18,66.96,12.63,18,0.57,0.27,18,0.11,0.18,18,16.11,3.19,18,0.01,0.02
栗きんとん,Q,栗きんとん,,,,0,6,6,0,0,0,0,6,6,250.83,4.96,6,0.9,0.31,6,0.35,0.08,6,61.0,1.53,4,0.06,0.03
水,Q,水,,,,0,134,32,102,0,0,0,134,114,0.0,0.0,114,0.0,0.0,114,0.0,0.0,114,0.0,0.01,106,0.0,0.01
水煮野菜ミックス,Q,水煮野菜ミックス,,,,0,19,3,12,4,0,0,19,19,29.2,12.28,19,0.95,0.47,19,0.14,0.09,19,7.18,2.81,19,0.13,0.28
海外揚げ菓子（ヤッカ）,Q,海外揚げ菓子（ヤッカ）,,,,0,3,0,0,3,0,0,3,3,484.29,14.91,3,4.0,0.14,3,23.53,2.14,3,64.14,1.0,3,0.34,0.08
海藻ミックス,Q,海藻ミックス,,,,0,5,2,1,2,0,0,5,5,130.46,20.73,5,10.55,5.39,5,3.25,1.44,5,42.09,17.62,5,11.75,5.54
漬け魚（加熱調理用）,Q,漬け魚（加熱調理用）,,,,0,10,9,1,0,0,0,10,10,224.14,56.16,10,14.93,3.49,10,14.51,6.31,10,8.41,3.72,10,1.57,0.41
炊き込みごはんの素,Q,炊き込みごはんの素,,,,0,28,23,2,3,0,0,28,26,121.79,68.15,26,6.57,5.36,26,3.03,3.11,26,17.02,12.22,26,7.59,10.1
焼鳥（加熱済み）,Q,焼鳥（加熱済み）,,,,0,6,0,0,6,0,0,6,6,167.67,57.16,6,13.35,2.58,6,10.6,5.57,6,3.48,2.27,6,0.88,0.73
煮豆,Q,煮豆,,,,0,50,40,7,3,0,0,50,50,191.29,39.77,50,9.35,2.62,50,4.04,2.79,50,32.11,10.51,50,0.65,0.31
煮魚惣菜,Q,煮魚惣菜,,,,0,30,23,5,2,0,0,30,30,174.97,59.3,30,12.83,4.95,30,8.18,5.83,30,12.39,7.71,30,1.44,0.55
珍味,Q,珍味,,,,0,47,18,29,0,0,0,47,46,352.02,147.15,46,24.63,17.98,45,13.92,13.3,46,33.19,19.13,46,3.87,1.76
畜産物燻製おつまみ,Q,畜産物燻製おつまみ,,,,0,5,0,3,2,0,0,5,5,192.93,60.76,5,20.83,4.94,5,11.29,8.24,5,1.94,1.61,5,2.26,0.62
白だし,Q,白だし,,,,0,7,5,1,1,0,0,7,1,36.0,,1,1.6,,1,0.0,,1,7.5,,1,6.8,
白身魚のパン粉焼,Q,白身魚のパン粉焼,,,,0,5,0,5,0,0,0,5,5,86.8,1.48,5,13.04,0.05,5,1.08,0.16,5,6.36,0.13,5,1.84,0.21
粉末ミルク飲料,Q,粉末ミルク飲料,,,,0,5,0,2,3,0,0,5,2,422.5,38.89,2,2.45,1.48,2,8.25,8.13,2,85.5,6.36,2,0.75,0.35
粉末飲料,Q,粉末飲料,,,,0,11,10,1,0,0,0,11,11,401.64,16.59,11,0.37,1.07,11,1.3,4.31,11,96.88,6.6,11,0.07,0.21
粉物惣菜,Q,粉物惣菜,,,,0,38,22,2,14,0,0,38,35,145.85,48.03,35,4.69,1.64,35,4.97,2.4,35,20.72,10.37,34,1.17,0.52
紅茶飲料,Q,紅茶飲料,,,,0,4,0,3,1,0,0,4,4,28.25,19.26,4,0.14,0.17,4,0.72,1.06,4,5.28,2.55,4,0.04,0.02
肉巻き・肉詰め,Q,肉巻き・肉詰め,,,,0,14,9,2,3,0,0,14,14,139.43,70.2,14,8.3,4.69,14,8.86,7.11,14,6.76,5.82,14,0.63,0.36
肉惣菜（その他）,Q,肉惣菜（その他）,,,,1,27,7,8,12,0,0,27,27,190.49,77.78,27,12.17,4.65,27,10.48,7.28,27,11.46,8.66,27,1.81,1.38
芋チップス,Q,芋チップス,,,,0,3,0,2,1,0,0,3,3,455.33,15.01,3,3.0,2.42,3,19.57,1.33,3,70.67,6.12,3,1.46,2.46
茶わんむし,Q,茶わんむし,,,,0,20,10,10,0,0,0,20,17,38.71,6.52,17,3.11,0.49,17,2.04,0.27,17,2.03,0.8,17,0.98,0.07
菓子パン・そうざいパン,Q,菓子パン・そうざいパン,,,,0,17,0,17,0,0,0,17,17,329.48,63.42,17,8.02,1.57,17,14.69,7.53,17,42.96,7.89,17,1.44,0.59
製菓材料,Q,製菓材料,,,,0,6,1,5,0,0,0,6,5,475.5,159.34,5,7.85,9.33,5,30.9,18.09,5,55.95,24.95,5,0.07,0.06
調理パン,Q,調理パン,,,,0,7,2,5,0,0,0,7,7,265.36,35.51,7,7.83,2.05,7,10.09,4.24,7,36.44,4.8,7,1.71,0.22
調理済み麺類（うどん以外）,Q,調理済み麺類（うどん以外）,,,,0,57,25,29,3,0,0,57,57,177.54,91.15,57,5.08,2.57,57,4.88,3.98,57,26.18,15.64,57,1.66,1.66
豆乳ヨーグルト,Q,豆乳ヨーグルト,,,,0,2,0,2,0,0,0,2,2,47.5,4.95,2,3.6,0.99,1,2.0,,2,5.85,0.07,2,0.0,0.01
豆菓子（柿の種等）,Q,豆菓子（柿の種等）,,,,0,38,16,22,0,0,0,38,37,501.26,55.81,37,17.15,9.31,37,25.84,10.25,37,51.77,15.43,37,0.97,0.47
豚角煮,Q,豚角煮,,,,0,3,0,2,1,0,0,3,3,272.12,45.24,3,12.27,1.85,3,19.88,4.92,3,10.32,3.18,3,1.5,0.12
赤ちゃん用イオン飲料,Q,赤ちゃん用イオン飲料,,,,0,2,0,2,0,0,0,2,2,18.0,0.0,2,0.0,0.0,2,0.0,0.0,2,4.4,0.0,2,0.2,0.0
酢の物・和え物,Q,酢の物・和え物,,,,0,15,11,4,0,0,0,15,15,74.94,31.34,15,5.19,5.92,15,0.84,1.29,15,12.14,8.43,15,1.7,0.82
酢飲料,Q,酢飲料,,,,0,26,19,3,4,0,0,26,15,69.92,62.02,15,0.01,0.03,15,0.0,0.0,15,17.45,15.6,15,0.02,0.06
野菜の煮物,Q,野菜の煮物,,,,0,18,17,1,0,0,0,18,18,111.11,58.88,18,2.5,1.27,18,3.03,5.17,18,19.4,12.55,18,1.13,0.42
鍋料理,Q,鍋料理,,,,0,5,5,0,0,0,0,5,5,78.44,20.6,5,6.84,4.86,5,2.36,1.07,5,7.46,3.47,5,1.47,0.88
雑穀ミックス,Q,雑穀ミックス,,,,0,7,6,0,1,0,0,7,7,372.14,22.17,7,11.96,3.16,7,6.89,3.45,7,68.36,5.63,7,0.0,0.0
飴がけ果実（冷凍）,Q,飴がけ果実（冷凍）,,,,0,3,0,0,3,0,0,3,0,,,0,,,0,,,0,,,0,,
香味油,Q,香味油,,,,0,2,0,0,2,0,0,2,2,897.5,2.12,2,0.0,0.0,2,99.7,0.28,2,0.0,0.0,2,0.01,0.01
魚のフレーク・ほぐし身,Q,魚のフレーク・ほぐし身,,,,0,3,0,0,3,0,0,3,3,315.0,68.42,3,21.03,3.48,3,18.97,8.11,3,13.77,1.79,3,2.03,0.12
魚介のカツ・フライ,Q,魚介のカツ・フライ,,,,0,4,0,0,4,0,0,4,4,139.25,19.5,4,10.48,4.45,4,1.38,0.92,4,20.85,3.16,4,1.23,0.59
魚介の煮付け,Q,魚介の煮付け,,,,0,2,0,2,0,0,0,2,2,109.0,29.7,2,10.25,4.45,2,3.2,2.69,2,10.45,2.9,2,1.44,0.09
魚介の竜田揚げ,Q,魚介の竜田揚げ,,,,0,6,5,0,1,0,0,6,6,258.5,32.81,6,14.37,3.49,6,16.23,4.4,6,13.22,3.58,6,1.52,0.66
魚肉練り製品(揚げ・蒲鉾),Q,魚肉練り製品(揚げ・蒲鉾),,,,0,22,0,22,0,0,0,22,22,155.16,62.31,22,9.19,3.05,22,4.11,4.09,22,20.8,14.42,22,2.23,1.16
鶏肉のから揚げ・フライ,Q,鶏肉のから揚げ・フライ,,,,0,10,0,0,10,0,0,10,10,199.2,61.0,10,13.06,2.8,10,9.76,6.74,10,14.76,5.3,10,1.44,0.24
鶏肉のスモーク製品,Q,鶏肉のスモーク製品,,,,0,6,0,4,2,0,0,6,6,138.62,38.05,6,24.44,5.01,5,4.19,5.08,5,1.17,0.48,6,1.4,0.18
麺用ソース,Q,麺用ソース,,,,0,6,4,1,1,0,0,6,6,74.14,18.97,6,2.98,1.55,6,3.77,1.57,6,7.16,1.35,6,1.52,0.53
